,Datetime,Region,Technology,Tech category,Value
0,2020,reg1,Oil_supply,Supply,10000000000.0
1,2021,reg1,Oil_supply,Supply,10000000000.0
2,2022,reg1,Oil_supply,Supply,10000000000.0
3,2023,reg1,Oil_supply,Supply,10000000000.0
4,2024,reg1,Oil_supply,Supply,10000000000.0
5,2025,reg1,Oil_supply,Supply,10000000000.0
6,2026,reg1,Oil_supply,Supply,10000000000.0
7,2027,reg1,Oil_supply,Supply,10000000000.0
8,2028,reg1,Oil_supply,Supply,10000000000.0
9,2029,reg1,Oil_supply,Supply,10000000000.0
10,2030,reg1,Oil_supply,Supply,10000000000.0
11,2031,reg1,Oil_supply,Supply,10000000000.0
12,2032,reg1,Oil_supply,Supply,10000000000.0
13,2033,reg1,Oil_supply,Supply,10000000000.0
14,2034,reg1,Oil_supply,Supply,10000000000.0
15,2035,reg1,Oil_supply,Supply,10000000000.0
16,2036,reg1,Oil_supply,Supply,10000000000.0
17,2037,reg1,Oil_supply,Supply,10000000000.0
18,2038,reg1,Oil_supply,Supply,10000000000.0
19,2039,reg1,Oil_supply,Supply,10000000000.0
20,2040,reg1,Oil_supply,Supply,10000000000.0
21,2041,reg1,Oil_supply,Supply,10000000000.0
22,2042,reg1,Oil_supply,Supply,10000000000.0
23,2043,reg1,Oil_supply,Supply,10000000000.0
24,2044,reg1,Oil_supply,Supply,10000000000.0
25,2045,reg1,Oil_supply,Supply,10000000000.0
26,2046,reg1,Oil_supply,Supply,10000000000.0
27,2047,reg1,Oil_supply,Supply,10000000000.0
28,2048,reg1,Oil_supply,Supply,10000000000.0
29,2049,reg1,Oil_supply,Supply,10000000000.0
30,2050,reg1,Oil_supply,Supply,10000000000.0
31,2020,reg1,NG_supply,Supply,10000000000.0
32,2021,reg1,NG_supply,Supply,10000000000.0
33,2022,reg1,NG_supply,Supply,10000000000.0
34,2023,reg1,NG_supply,Supply,10000000000.0
35,2024,reg1,NG_supply,Supply,10000000000.0
36,2025,reg1,NG_supply,Supply,10000000000.0
37,2026,reg1,NG_supply,Supply,10000000000.0
38,2027,reg1,NG_supply,Supply,10000000000.0
39,2028,reg1,NG_supply,Supply,10000000000.0
40,2029,reg1,NG_supply,Supply,10000000000.0
41,2030,reg1,NG_supply,Supply,10000000000.0
42,2031,reg1,NG_supply,Supply,10000000000.0
43,2032,reg1,NG_supply,Supply,10000000000.0
44,2033,reg1,NG_supply,Supply,10000000000.0
45,2034,reg1,NG_supply,Supply,10000000000.0
46,2035,reg1,NG_supply,Supply,10000000000.0
47,2036,reg1,NG_supply,Supply,10000000000.0
48,2037,reg1,NG_supply,Supply,10000000000.0
49,2038,reg1,NG_supply,Supply,10000000000.0
50,2039,reg1,NG_supply,Supply,10000000000.0
51,2040,reg1,NG_supply,Supply,10000000000.0
52,2041,reg1,NG_supply,Supply,10000000000.0
53,2042,reg1,NG_supply,Supply,10000000000.0
54,2043,reg1,NG_supply,Supply,10000000000.0
55,2044,reg1,NG_supply,Supply,10000000000.0
56,2045,reg1,NG_supply,Supply,10000000000.0
57,2046,reg1,NG_supply,Supply,10000000000.0
58,2047,reg1,NG_supply,Supply,10000000000.0
59,2048,reg1,NG_supply,Supply,10000000000.0
60,2049,reg1,NG_supply,Supply,10000000000.0
61,2050,reg1,NG_supply,Supply,10000000000.0
62,2020,reg1,SFF_supply,Supply,10000000000.0
63,2021,reg1,SFF_supply,Supply,10000000000.0
64,2022,reg1,SFF_supply,Supply,10000000000.0
65,2023,reg1,SFF_supply,Supply,10000000000.0
66,2024,reg1,SFF_supply,Supply,10000000000.0
67,2025,reg1,SFF_supply,Supply,10000000000.0
68,2026,reg1,SFF_supply,Supply,10000000000.0
69,2027,reg1,SFF_supply,Supply,10000000000.0
70,2028,reg1,SFF_supply,Supply,10000000000.0
71,2029,reg1,SFF_supply,Supply,10000000000.0
72,2030,reg1,SFF_supply,Supply,10000000000.0
73,2031,reg1,SFF_supply,Supply,10000000000.0
74,2032,reg1,SFF_supply,Supply,10000000000.0
75,2033,reg1,SFF_supply,Supply,10000000000.0
76,2034,reg1,SFF_supply,Supply,10000000000.0
77,2035,reg1,SFF_supply,Supply,10000000000.0
78,2036,reg1,SFF_supply,Supply,10000000000.0
79,2037,reg1,SFF_supply,Supply,10000000000.0
80,2038,reg1,SFF_supply,Supply,10000000000.0
81,2039,reg1,SFF_supply,Supply,10000000000.0
82,2040,reg1,SFF_supply,Supply,10000000000.0
83,2041,reg1,SFF_supply,Supply,10000000000.0
84,2042,reg1,SFF_supply,Supply,10000000000.0
85,2043,reg1,SFF_supply,Supply,10000000000.0
86,2044,reg1,SFF_supply,Supply,10000000000.0
87,2045,reg1,SFF_supply,Supply,10000000000.0
88,2046,reg1,SFF_supply,Supply,10000000000.0
89,2047,reg1,SFF_supply,Supply,10000000000.0
90,2048,reg1,SFF_supply,Supply,10000000000.0
91,2049,reg1,SFF_supply,Supply,10000000000.0
92,2050,reg1,SFF_supply,Supply,10000000000.0
93,2020,reg1,OP_supply,Supply,10000000000.0
94,2021,reg1,OP_supply,Supply,10000000000.0
95,2022,reg1,OP_supply,Supply,10000000000.0
96,2023,reg1,OP_supply,Supply,10000000000.0
97,2024,reg1,OP_supply,Supply,10000000000.0
98,2025,reg1,OP_supply,Supply,10000000000.0
99,2026,reg1,OP_supply,Supply,10000000000.0
100,2027,reg1,OP_supply,Supply,10000000000.0
101,2028,reg1,OP_supply,Supply,10000000000.0
102,2029,reg1,OP_supply,Supply,10000000000.0
103,2030,reg1,OP_supply,Supply,10000000000.0
104,2031,reg1,OP_supply,Supply,10000000000.0
105,2032,reg1,OP_supply,Supply,10000000000.0
106,2033,reg1,OP_supply,Supply,10000000000.0
107,2034,reg1,OP_supply,Supply,10000000000.0
108,2035,reg1,OP_supply,Supply,10000000000.0
109,2036,reg1,OP_supply,Supply,10000000000.0
110,2037,reg1,OP_supply,Supply,10000000000.0
111,2038,reg1,OP_supply,Supply,10000000000.0
112,2039,reg1,OP_supply,Supply,10000000000.0
113,2040,reg1,OP_supply,Supply,10000000000.0
114,2041,reg1,OP_supply,Supply,10000000000.0
115,2042,reg1,OP_supply,Supply,10000000000.0
116,2043,reg1,OP_supply,Supply,10000000000.0
117,2044,reg1,OP_supply,Supply,10000000000.0
118,2045,reg1,OP_supply,Supply,10000000000.0
119,2046,reg1,OP_supply,Supply,10000000000.0
120,2047,reg1,OP_supply,Supply,10000000000.0
121,2048,reg1,OP_supply,Supply,10000000000.0
122,2049,reg1,OP_supply,Supply,10000000000.0
123,2050,reg1,OP_supply,Supply,10000000000.0
124,2020,reg1,BW_supply,Supply,10000000000.0
125,2021,reg1,BW_supply,Supply,10000000000.0
126,2022,reg1,BW_supply,Supply,10000000000.0
127,2023,reg1,BW_supply,Supply,10000000000.0
128,2024,reg1,BW_supply,Supply,10000000000.0
129,2025,reg1,BW_supply,Supply,10000000000.0
130,2026,reg1,BW_supply,Supply,10000000000.0
131,2027,reg1,BW_supply,Supply,10000000000.0
132,2028,reg1,BW_supply,Supply,10000000000.0
133,2029,reg1,BW_supply,Supply,10000000000.0
134,2030,reg1,BW_supply,Supply,10000000000.0
135,2031,reg1,BW_supply,Supply,10000000000.0
136,2032,reg1,BW_supply,Supply,10000000000.0
137,2033,reg1,BW_supply,Supply,10000000000.0
138,2034,reg1,BW_supply,Supply,10000000000.0
139,2035,reg1,BW_supply,Supply,10000000000.0
140,2036,reg1,BW_supply,Supply,10000000000.0
141,2037,reg1,BW_supply,Supply,10000000000.0
142,2038,reg1,BW_supply,Supply,10000000000.0
143,2039,reg1,BW_supply,Supply,10000000000.0
144,2040,reg1,BW_supply,Supply,10000000000.0
145,2041,reg1,BW_supply,Supply,10000000000.0
146,2042,reg1,BW_supply,Supply,10000000000.0
147,2043,reg1,BW_supply,Supply,10000000000.0
148,2044,reg1,BW_supply,Supply,10000000000.0
149,2045,reg1,BW_supply,Supply,10000000000.0
150,2046,reg1,BW_supply,Supply,10000000000.0
151,2047,reg1,BW_supply,Supply,10000000000.0
152,2048,reg1,BW_supply,Supply,10000000000.0
153,2049,reg1,BW_supply,Supply,10000000000.0
154,2050,reg1,BW_supply,Supply,10000000000.0
155,2020,reg1,Bio_oil_supply,Supply,10000000000.0
156,2021,reg1,Bio_oil_supply,Supply,10000000000.0
157,2022,reg1,Bio_oil_supply,Supply,10000000000.0
158,2023,reg1,Bio_oil_supply,Supply,10000000000.0
159,2024,reg1,Bio_oil_supply,Supply,10000000000.0
160,2025,reg1,Bio_oil_supply,Supply,10000000000.0
161,2026,reg1,Bio_oil_supply,Supply,10000000000.0
162,2027,reg1,Bio_oil_supply,Supply,10000000000.0
163,2028,reg1,Bio_oil_supply,Supply,10000000000.0
164,2029,reg1,Bio_oil_supply,Supply,10000000000.0
165,2030,reg1,Bio_oil_supply,Supply,10000000000.0
166,2031,reg1,Bio_oil_supply,Supply,10000000000.0
167,2032,reg1,Bio_oil_supply,Supply,10000000000.0
168,2033,reg1,Bio_oil_supply,Supply,10000000000.0
169,2034,reg1,Bio_oil_supply,Supply,10000000000.0
170,2035,reg1,Bio_oil_supply,Supply,10000000000.0
171,2036,reg1,Bio_oil_supply,Supply,10000000000.0
172,2037,reg1,Bio_oil_supply,Supply,10000000000.0
173,2038,reg1,Bio_oil_supply,Supply,10000000000.0
174,2039,reg1,Bio_oil_supply,Supply,10000000000.0
175,2040,reg1,Bio_oil_supply,Supply,10000000000.0
176,2041,reg1,Bio_oil_supply,Supply,10000000000.0
177,2042,reg1,Bio_oil_supply,Supply,10000000000.0
178,2043,reg1,Bio_oil_supply,Supply,10000000000.0
179,2044,reg1,Bio_oil_supply,Supply,10000000000.0
180,2045,reg1,Bio_oil_supply,Supply,10000000000.0
181,2046,reg1,Bio_oil_supply,Supply,10000000000.0
182,2047,reg1,Bio_oil_supply,Supply,10000000000.0
183,2048,reg1,Bio_oil_supply,Supply,10000000000.0
184,2049,reg1,Bio_oil_supply,Supply,10000000000.0
185,2050,reg1,Bio_oil_supply,Supply,10000000000.0
186,2020,reg1,UO2_SMR_supply ,Supply,10000000000.0
187,2021,reg1,UO2_SMR_supply ,Supply,10000000000.0
188,2022,reg1,UO2_SMR_supply ,Supply,10000000000.0
189,2023,reg1,UO2_SMR_supply ,Supply,10000000000.0
190,2024,reg1,UO2_SMR_supply ,Supply,10000000000.0
191,2025,reg1,UO2_SMR_supply ,Supply,10000000000.0
192,2026,reg1,UO2_SMR_supply ,Supply,10000000000.0
193,2027,reg1,UO2_SMR_supply ,Supply,10000000000.0
194,2028,reg1,UO2_SMR_supply ,Supply,10000000000.0
195,2029,reg1,UO2_SMR_supply ,Supply,10000000000.0
196,2030,reg1,UO2_SMR_supply ,Supply,10000000000.0
197,2031,reg1,UO2_SMR_supply ,Supply,10000000000.0
198,2032,reg1,UO2_SMR_supply ,Supply,10000000000.0
199,2033,reg1,UO2_SMR_supply ,Supply,10000000000.0
200,2034,reg1,UO2_SMR_supply ,Supply,10000000000.0
201,2035,reg1,UO2_SMR_supply ,Supply,10000000000.0
202,2036,reg1,UO2_SMR_supply ,Supply,10000000000.0
203,2037,reg1,UO2_SMR_supply ,Supply,10000000000.0
204,2038,reg1,UO2_SMR_supply ,Supply,10000000000.0
205,2039,reg1,UO2_SMR_supply ,Supply,10000000000.0
206,2040,reg1,UO2_SMR_supply ,Supply,10000000000.0
207,2041,reg1,UO2_SMR_supply ,Supply,10000000000.0
208,2042,reg1,UO2_SMR_supply ,Supply,10000000000.0
209,2043,reg1,UO2_SMR_supply ,Supply,10000000000.0
210,2044,reg1,UO2_SMR_supply ,Supply,10000000000.0
211,2045,reg1,UO2_SMR_supply ,Supply,10000000000.0
212,2046,reg1,UO2_SMR_supply ,Supply,10000000000.0
213,2047,reg1,UO2_SMR_supply ,Supply,10000000000.0
214,2048,reg1,UO2_SMR_supply ,Supply,10000000000.0
215,2049,reg1,UO2_SMR_supply ,Supply,10000000000.0
216,2050,reg1,UO2_SMR_supply ,Supply,10000000000.0
217,2020,reg1,MOX_AMR_supply ,Supply,10000000000.0
218,2021,reg1,MOX_AMR_supply ,Supply,10000000000.0
219,2022,reg1,MOX_AMR_supply ,Supply,10000000000.0
220,2023,reg1,MOX_AMR_supply ,Supply,10000000000.0
221,2024,reg1,MOX_AMR_supply ,Supply,10000000000.0
222,2025,reg1,MOX_AMR_supply ,Supply,10000000000.0
223,2026,reg1,MOX_AMR_supply ,Supply,10000000000.0
224,2027,reg1,MOX_AMR_supply ,Supply,10000000000.0
225,2028,reg1,MOX_AMR_supply ,Supply,10000000000.0
226,2029,reg1,MOX_AMR_supply ,Supply,10000000000.0
227,2030,reg1,MOX_AMR_supply ,Supply,10000000000.0
228,2031,reg1,MOX_AMR_supply ,Supply,10000000000.0
229,2032,reg1,MOX_AMR_supply ,Supply,10000000000.0
230,2033,reg1,MOX_AMR_supply ,Supply,10000000000.0
231,2034,reg1,MOX_AMR_supply ,Supply,10000000000.0
232,2035,reg1,MOX_AMR_supply ,Supply,10000000000.0
233,2036,reg1,MOX_AMR_supply ,Supply,10000000000.0
234,2037,reg1,MOX_AMR_supply ,Supply,10000000000.0
235,2038,reg1,MOX_AMR_supply ,Supply,10000000000.0
236,2039,reg1,MOX_AMR_supply ,Supply,10000000000.0
237,2040,reg1,MOX_AMR_supply ,Supply,10000000000.0
238,2041,reg1,MOX_AMR_supply ,Supply,10000000000.0
239,2042,reg1,MOX_AMR_supply ,Supply,10000000000.0
240,2043,reg1,MOX_AMR_supply ,Supply,10000000000.0
241,2044,reg1,MOX_AMR_supply ,Supply,10000000000.0
242,2045,reg1,MOX_AMR_supply ,Supply,10000000000.0
243,2046,reg1,MOX_AMR_supply ,Supply,10000000000.0
244,2047,reg1,MOX_AMR_supply ,Supply,10000000000.0
245,2048,reg1,MOX_AMR_supply ,Supply,10000000000.0
246,2049,reg1,MOX_AMR_supply ,Supply,10000000000.0
247,2050,reg1,MOX_AMR_supply ,Supply,10000000000.0
248,2020,reg1,UO2_G3+_supply ,Supply,10000000000.0
249,2021,reg1,UO2_G3+_supply ,Supply,10000000000.0
250,2022,reg1,UO2_G3+_supply ,Supply,10000000000.0
251,2023,reg1,UO2_G3+_supply ,Supply,10000000000.0
252,2024,reg1,UO2_G3+_supply ,Supply,10000000000.0
253,2025,reg1,UO2_G3+_supply ,Supply,10000000000.0
254,2026,reg1,UO2_G3+_supply ,Supply,10000000000.0
255,2027,reg1,UO2_G3+_supply ,Supply,10000000000.0
256,2028,reg1,UO2_G3+_supply ,Supply,10000000000.0
257,2029,reg1,UO2_G3+_supply ,Supply,10000000000.0
258,2030,reg1,UO2_G3+_supply ,Supply,10000000000.0
259,2031,reg1,UO2_G3+_supply ,Supply,10000000000.0
260,2032,reg1,UO2_G3+_supply ,Supply,10000000000.0
261,2033,reg1,UO2_G3+_supply ,Supply,10000000000.0
262,2034,reg1,UO2_G3+_supply ,Supply,10000000000.0
263,2035,reg1,UO2_G3+_supply ,Supply,10000000000.0
264,2036,reg1,UO2_G3+_supply ,Supply,10000000000.0
265,2037,reg1,UO2_G3+_supply ,Supply,10000000000.0
266,2038,reg1,UO2_G3+_supply ,Supply,10000000000.0
267,2039,reg1,UO2_G3+_supply ,Supply,10000000000.0
268,2040,reg1,UO2_G3+_supply ,Supply,10000000000.0
269,2041,reg1,UO2_G3+_supply ,Supply,10000000000.0
270,2042,reg1,UO2_G3+_supply ,Supply,10000000000.0
271,2043,reg1,UO2_G3+_supply ,Supply,10000000000.0
272,2044,reg1,UO2_G3+_supply ,Supply,10000000000.0
273,2045,reg1,UO2_G3+_supply ,Supply,10000000000.0
274,2046,reg1,UO2_G3+_supply ,Supply,10000000000.0
275,2047,reg1,UO2_G3+_supply ,Supply,10000000000.0
276,2048,reg1,UO2_G3+_supply ,Supply,10000000000.0
277,2049,reg1,UO2_G3+_supply ,Supply,10000000000.0
278,2050,reg1,UO2_G3+_supply ,Supply,10000000000.0
279,2020,reg1,Geo_PP,Supply,0.869
280,2021,reg1,Geo_PP,Supply,0.869
281,2022,reg1,Geo_PP,Supply,0.869
282,2023,reg1,Geo_PP,Supply,0.869
283,2024,reg1,Geo_PP,Supply,0.869
284,2025,reg1,Geo_PP,Supply,0.869
285,2026,reg1,Geo_PP,Supply,0.869
286,2027,reg1,Geo_PP,Supply,0.869
287,2028,reg1,Geo_PP,Supply,0.869
288,2029,reg1,Geo_PP,Supply,0.869
289,2030,reg1,Geo_PP,Supply,0.869
290,2031,reg1,Geo_PP,Supply,0.869
291,2032,reg1,Geo_PP,Supply,0.869
292,2033,reg1,Geo_PP,Supply,0.869
293,2034,reg1,Geo_PP,Supply,0.869
294,2035,reg1,Geo_PP,Supply,0.869
295,2036,reg1,Geo_PP,Supply,0.869
296,2037,reg1,Geo_PP,Supply,0.869
297,2038,reg1,Geo_PP,Supply,0.869
298,2039,reg1,Geo_PP,Supply,0.869
299,2040,reg1,Geo_PP,Supply,0.869
300,2041,reg1,Geo_PP,Supply,0.8689999999999998
301,2042,reg1,Geo_PP,Supply,0.8689999999999998
302,2043,reg1,Geo_PP,Supply,0.8689999999999998
303,2044,reg1,Geo_PP,Supply,0.8689999999999998
304,2045,reg1,Geo_PP,Supply,0.8689999999999998
305,2046,reg1,Geo_PP,Supply,0.8689999999999998
306,2047,reg1,Geo_PP,Supply,0.8689999999999998
307,2048,reg1,Geo_PP,Supply,0.8689999999999998
308,2049,reg1,Geo_PP,Supply,0.8689999999999998
309,2050,reg1,Geo_PP,Supply,0.8689999999999998
310,2020,reg1,Solar_PV_PP,Supply,21.65
311,2021,reg1,Solar_PV_PP,Supply,21.65
312,2022,reg1,Solar_PV_PP,Supply,21.65
313,2023,reg1,Solar_PV_PP,Supply,21.65
314,2024,reg1,Solar_PV_PP,Supply,21.65
315,2025,reg1,Solar_PV_PP,Supply,21.65
316,2026,reg1,Solar_PV_PP,Supply,21.65
317,2027,reg1,Solar_PV_PP,Supply,21.65
318,2028,reg1,Solar_PV_PP,Supply,21.65
319,2029,reg1,Solar_PV_PP,Supply,23.21315217887046
320,2030,reg1,Solar_PV_PP,Supply,27.34715217887046
321,2031,reg1,Solar_PV_PP,Supply,31.48115217887046
322,2032,reg1,Solar_PV_PP,Supply,35.61515217887046
323,2033,reg1,Solar_PV_PP,Supply,39.74915217887046
324,2034,reg1,Solar_PV_PP,Supply,43.88315217887046
325,2035,reg1,Solar_PV_PP,Supply,48.01715217887046
326,2036,reg1,Solar_PV_PP,Supply,52.15115217887046
327,2037,reg1,Solar_PV_PP,Supply,56.28515217887046
328,2038,reg1,Solar_PV_PP,Supply,60.41915217887046
329,2039,reg1,Solar_PV_PP,Supply,64.55315217887046
330,2040,reg1,Solar_PV_PP,Supply,68.68715217887046
331,2041,reg1,Solar_PV_PP,Supply,72.82115217887045
332,2042,reg1,Solar_PV_PP,Supply,76.95515217887045
333,2043,reg1,Solar_PV_PP,Supply,81.08915217887045
334,2044,reg1,Solar_PV_PP,Supply,85.22315217887045
335,2045,reg1,Solar_PV_PP,Supply,89.35715217887045
336,2046,reg1,Solar_PV_PP,Supply,92.05620176029258
337,2047,reg1,Solar_PV_PP,Supply,94.2941129422258
338,2048,reg1,Solar_PV_PP,Supply,94.86407293355347
339,2049,reg1,Solar_PV_PP,Supply,93.99807293355349
340,2050,reg1,Solar_PV_PP,Supply,93.13207293355347
341,2020,reg1,Wind_PP,Supply,10.8706
342,2021,reg1,Wind_PP,Supply,10.8706
343,2022,reg1,Wind_PP,Supply,10.8706
344,2023,reg1,Wind_PP,Supply,10.8706
345,2024,reg1,Wind_PP,Supply,10.8706
346,2025,reg1,Wind_PP,Supply,10.8706
347,2026,reg1,Wind_PP,Supply,10.8706
348,2027,reg1,Wind_PP,Supply,10.8706
349,2028,reg1,Wind_PP,Supply,10.8706
350,2029,reg1,Wind_PP,Supply,10.8706
351,2030,reg1,Wind_PP,Supply,10.8706
352,2031,reg1,Wind_PP,Supply,10.8706
353,2032,reg1,Wind_PP,Supply,10.8706
354,2033,reg1,Wind_PP,Supply,10.8706
355,2034,reg1,Wind_PP,Supply,10.8706
356,2035,reg1,Wind_PP,Supply,10.8706
357,2036,reg1,Wind_PP,Supply,10.8706
358,2037,reg1,Wind_PP,Supply,10.8706
359,2038,reg1,Wind_PP,Supply,10.8706
360,2039,reg1,Wind_PP,Supply,10.8706
361,2040,reg1,Wind_PP,Supply,10.8706
362,2041,reg1,Wind_PP,Supply,10.8706
363,2042,reg1,Wind_PP,Supply,10.8706
364,2043,reg1,Wind_PP,Supply,10.8706
365,2044,reg1,Wind_PP,Supply,10.8706
366,2045,reg1,Wind_PP,Supply,10.870599999999998
367,2046,reg1,Wind_PP,Supply,10.870599999999996
368,2047,reg1,Wind_PP,Supply,10.870599999999996
369,2048,reg1,Wind_PP,Supply,10.870599999999996
370,2049,reg1,Wind_PP,Supply,10.870599999999998
371,2050,reg1,Wind_PP,Supply,10.870599999999998
372,2020,reg1,Hydro_PP,Supply,18.899999999999963
373,2021,reg1,Hydro_PP,Supply,18.699545454545415
374,2022,reg1,Hydro_PP,Supply,18.49909090909087
375,2023,reg1,Hydro_PP,Supply,18.298636363636327
376,2024,reg1,Hydro_PP,Supply,18.098181818181782
377,2025,reg1,Hydro_PP,Supply,17.897727272727238
378,2026,reg1,Hydro_PP,Supply,17.69727272727269
379,2027,reg1,Hydro_PP,Supply,17.496818181818146
380,2028,reg1,Hydro_PP,Supply,17.2963636363636
381,2029,reg1,Hydro_PP,Supply,17.095909090909053
382,2030,reg1,Hydro_PP,Supply,16.89545454545451
383,2031,reg1,Hydro_PP,Supply,16.694999999999965
384,2032,reg1,Hydro_PP,Supply,16.49454545454542
385,2033,reg1,Hydro_PP,Supply,16.294090909090876
386,2034,reg1,Hydro_PP,Supply,16.093636363636328
387,2035,reg1,Hydro_PP,Supply,15.893181818181784
388,2036,reg1,Hydro_PP,Supply,15.69272727272724
389,2037,reg1,Hydro_PP,Supply,15.492272727272693
390,2038,reg1,Hydro_PP,Supply,15.291818181818147
391,2039,reg1,Hydro_PP,Supply,15.091363636363603
392,2040,reg1,Hydro_PP,Supply,14.890909090909059
393,2041,reg1,Hydro_PP,Supply,14.690454545454513
394,2042,reg1,Hydro_PP,Supply,14.489999999999966
395,2043,reg1,Hydro_PP,Supply,14.289545454545422
396,2044,reg1,Hydro_PP,Supply,14.089090909090876
397,2045,reg1,Hydro_PP,Supply,13.88863636363633
398,2046,reg1,Hydro_PP,Supply,13.688181818181786
399,2047,reg1,Hydro_PP,Supply,13.48772727272724
400,2048,reg1,Hydro_PP,Supply,13.287272727272693
401,2049,reg1,Hydro_PP,Supply,13.086818181818149
402,2050,reg1,Hydro_PP,Supply,12.8863636363636
403,2020,reg1,Pump_hydro_PP,Supply,6.013636363636363
404,2021,reg1,Pump_hydro_PP,Supply,6.013636363636363
405,2022,reg1,Pump_hydro_PP,Supply,6.013636363636363
406,2023,reg1,Pump_hydro_PP,Supply,6.013636363636363
407,2024,reg1,Pump_hydro_PP,Supply,6.013636363636363
408,2025,reg1,Pump_hydro_PP,Supply,6.013636363636363
409,2026,reg1,Pump_hydro_PP,Supply,6.013636363636363
410,2027,reg1,Pump_hydro_PP,Supply,6.013636363636363
411,2028,reg1,Pump_hydro_PP,Supply,6.013636363636363
412,2029,reg1,Pump_hydro_PP,Supply,6.013636363636363
413,2030,reg1,Pump_hydro_PP,Supply,6.013636363636363
414,2031,reg1,Pump_hydro_PP,Supply,6.101363636363636
415,2032,reg1,Pump_hydro_PP,Supply,6.40090909090909
416,2033,reg1,Pump_hydro_PP,Supply,6.700454545454545
417,2034,reg1,Pump_hydro_PP,Supply,7.0
418,2035,reg1,Pump_hydro_PP,Supply,7.0
419,2036,reg1,Pump_hydro_PP,Supply,7.0
420,2037,reg1,Pump_hydro_PP,Supply,7.0
421,2038,reg1,Pump_hydro_PP,Supply,7.0
422,2039,reg1,Pump_hydro_PP,Supply,7.0
423,2040,reg1,Pump_hydro_PP,Supply,7.0
424,2041,reg1,Pump_hydro_PP,Supply,7.0
425,2042,reg1,Pump_hydro_PP,Supply,7.0
426,2043,reg1,Pump_hydro_PP,Supply,7.0
427,2044,reg1,Pump_hydro_PP,Supply,7.0
428,2045,reg1,Pump_hydro_PP,Supply,7.0
429,2046,reg1,Pump_hydro_PP,Supply,7.0
430,2047,reg1,Pump_hydro_PP,Supply,7.0
431,2048,reg1,Pump_hydro_PP,Supply,7.0
432,2049,reg1,Pump_hydro_PP,Supply,7.0
433,2050,reg1,Pump_hydro_PP,Supply,7.0
434,2020,reg1,Electricity_imports,Supply,5.3144286529680365
435,2021,reg1,Electricity_imports,Supply,5.3144286529680365
436,2022,reg1,Electricity_imports,Supply,5.3144286529680365
437,2023,reg1,Electricity_imports,Supply,5.3144286529680365
438,2024,reg1,Electricity_imports,Supply,5.3144286529680365
439,2025,reg1,Electricity_imports,Supply,5.3144286529680365
440,2026,reg1,Electricity_imports,Supply,5.3144286529680365
441,2027,reg1,Electricity_imports,Supply,5.3144286529680365
442,2028,reg1,Electricity_imports,Supply,5.3144286529680365
443,2029,reg1,Electricity_imports,Supply,5.3144286529680365
444,2030,reg1,Electricity_imports,Supply,5.3144286529680365
445,2031,reg1,Electricity_imports,Supply,5.3144286529680365
446,2032,reg1,Electricity_imports,Supply,5.3144286529680365
447,2033,reg1,Electricity_imports,Supply,5.3144286529680365
448,2034,reg1,Electricity_imports,Supply,5.3144286529680365
449,2035,reg1,Electricity_imports,Supply,5.3144286529680365
450,2036,reg1,Electricity_imports,Supply,5.3144286529680365
451,2037,reg1,Electricity_imports,Supply,5.3144286529680365
452,2038,reg1,Electricity_imports,Supply,5.3144286529680365
453,2039,reg1,Electricity_imports,Supply,5.3144286529680365
454,2040,reg1,Electricity_imports,Supply,5.3144286529680365
455,2041,reg1,Electricity_imports,Supply,5.3144286529680365
456,2042,reg1,Electricity_imports,Supply,5.3144286529680365
457,2043,reg1,Electricity_imports,Supply,5.3144286529680365
458,2044,reg1,Electricity_imports,Supply,5.3144286529680365
459,2045,reg1,Electricity_imports,Supply,5.3144286529680365
460,2046,reg1,Electricity_imports,Supply,5.3144286529680365
461,2047,reg1,Electricity_imports,Supply,5.3144286529680365
462,2048,reg1,Electricity_imports,Supply,5.3144286529680365
463,2049,reg1,Electricity_imports,Supply,5.3144286529680365
464,2050,reg1,Electricity_imports,Supply,5.3144286529680365
465,2020,reg1,Geo_HP,Supply,0.6
466,2021,reg1,Geo_HP,Supply,0.6
467,2022,reg1,Geo_HP,Supply,0.6
468,2023,reg1,Geo_HP,Supply,0.6
469,2024,reg1,Geo_HP,Supply,0.6
470,2025,reg1,Geo_HP,Supply,0.6
471,2026,reg1,Geo_HP,Supply,0.6
472,2027,reg1,Geo_HP,Supply,0.6
473,2028,reg1,Geo_HP,Supply,0.6
474,2029,reg1,Geo_HP,Supply,0.6
475,2030,reg1,Geo_HP,Supply,0.6
476,2031,reg1,Geo_HP,Supply,0.63
477,2032,reg1,Geo_HP,Supply,0.6
478,2033,reg1,Geo_HP,Supply,0.6
479,2034,reg1,Geo_HP,Supply,0.669188466199856
480,2035,reg1,Geo_HP,Supply,0.9874502586359885
481,2036,reg1,Geo_HP,Supply,1.304411260169216
482,2037,reg1,Geo_HP,Supply,1.617862678110091
483,2038,reg1,Geo_HP,Supply,1.9320620809075812
484,2039,reg1,Geo_HP,Supply,2.1766130845747806
485,2040,reg1,Geo_HP,Supply,2.1761439152624384
486,2041,reg1,Geo_HP,Supply,2.1481649083704015
487,2042,reg1,Geo_HP,Supply,2.1253207286476394
488,2043,reg1,Geo_HP,Supply,2.1070846198814417
489,2044,reg1,Geo_HP,Supply,2.0929943264167186
490,2045,reg1,Geo_HP,Supply,2.0629943264167183
491,2046,reg1,Geo_HP,Supply,2.0329943264167185
492,2047,reg1,Geo_HP,Supply,2.0029943264167187
493,2048,reg1,Geo_HP,Supply,1.9729943264167187
494,2049,reg1,Geo_HP,Supply,1.9429943264167187
495,2050,reg1,Geo_HP,Supply,1.9129943264167186
496,2020,reg1,Pump_hydro_ST,Storage,0.0
497,2021,reg1,Pump_hydro_ST,Storage,0.0
498,2022,reg1,Pump_hydro_ST,Storage,0.0
499,2023,reg1,Pump_hydro_ST,Storage,0.0
500,2024,reg1,Pump_hydro_ST,Storage,0.0
501,2025,reg1,Pump_hydro_ST,Storage,0.0
502,2026,reg1,Pump_hydro_ST,Storage,0.0
503,2027,reg1,Pump_hydro_ST,Storage,0.0
504,2028,reg1,Pump_hydro_ST,Storage,0.0
505,2029,reg1,Pump_hydro_ST,Storage,0.0
506,2030,reg1,Pump_hydro_ST,Storage,0.0
507,2031,reg1,Pump_hydro_ST,Storage,0.0
508,2032,reg1,Pump_hydro_ST,Storage,0.0
509,2033,reg1,Pump_hydro_ST,Storage,0.0
510,2034,reg1,Pump_hydro_ST,Storage,0.0
511,2035,reg1,Pump_hydro_ST,Storage,0.0
512,2036,reg1,Pump_hydro_ST,Storage,0.0
513,2037,reg1,Pump_hydro_ST,Storage,0.0
514,2038,reg1,Pump_hydro_ST,Storage,0.0
515,2039,reg1,Pump_hydro_ST,Storage,0.0
516,2040,reg1,Pump_hydro_ST,Storage,0.0
517,2041,reg1,Pump_hydro_ST,Storage,0.0
518,2042,reg1,Pump_hydro_ST,Storage,0.0
519,2043,reg1,Pump_hydro_ST,Storage,0.0
520,2044,reg1,Pump_hydro_ST,Storage,0.0
521,2045,reg1,Pump_hydro_ST,Storage,0.0
522,2046,reg1,Pump_hydro_ST,Storage,0.0
523,2047,reg1,Pump_hydro_ST,Storage,0.0
524,2048,reg1,Pump_hydro_ST,Storage,0.0
525,2049,reg1,Pump_hydro_ST,Storage,0.0
526,2050,reg1,Pump_hydro_ST,Storage,0.0
527,2020,reg1,Electrochemical_ST,Storage,0.0
528,2021,reg1,Electrochemical_ST,Storage,0.0
529,2022,reg1,Electrochemical_ST,Storage,0.0
530,2023,reg1,Electrochemical_ST,Storage,0.0
531,2024,reg1,Electrochemical_ST,Storage,0.0
532,2025,reg1,Electrochemical_ST,Storage,0.0
533,2026,reg1,Electrochemical_ST,Storage,0.0
534,2027,reg1,Electrochemical_ST,Storage,0.0
535,2028,reg1,Electrochemical_ST,Storage,0.0
536,2029,reg1,Electrochemical_ST,Storage,0.0
537,2030,reg1,Electrochemical_ST,Storage,0.0
538,2031,reg1,Electrochemical_ST,Storage,0.0
539,2032,reg1,Electrochemical_ST,Storage,0.0
540,2033,reg1,Electrochemical_ST,Storage,0.0
541,2034,reg1,Electrochemical_ST,Storage,0.0
542,2035,reg1,Electrochemical_ST,Storage,0.0
543,2036,reg1,Electrochemical_ST,Storage,0.0
544,2037,reg1,Electrochemical_ST,Storage,0.0
545,2038,reg1,Electrochemical_ST,Storage,0.0
546,2039,reg1,Electrochemical_ST,Storage,0.0
547,2040,reg1,Electrochemical_ST,Storage,0.0
548,2041,reg1,Electrochemical_ST,Storage,0.0
549,2042,reg1,Electrochemical_ST,Storage,0.0
550,2043,reg1,Electrochemical_ST,Storage,0.0
551,2044,reg1,Electrochemical_ST,Storage,0.0
552,2045,reg1,Electrochemical_ST,Storage,0.0
553,2046,reg1,Electrochemical_ST,Storage,0.0
554,2047,reg1,Electrochemical_ST,Storage,0.0
555,2048,reg1,Electrochemical_ST,Storage,0.0
556,2049,reg1,Electrochemical_ST,Storage,0.0
557,2050,reg1,Electrochemical_ST,Storage,0.0
558,2020,reg1,Hydrogen_ST,Storage,0.0
559,2021,reg1,Hydrogen_ST,Storage,0.0
560,2022,reg1,Hydrogen_ST,Storage,0.0
561,2023,reg1,Hydrogen_ST,Storage,0.0
562,2024,reg1,Hydrogen_ST,Storage,0.0
563,2025,reg1,Hydrogen_ST,Storage,0.0
564,2026,reg1,Hydrogen_ST,Storage,0.0
565,2027,reg1,Hydrogen_ST,Storage,0.0
566,2028,reg1,Hydrogen_ST,Storage,0.0
567,2029,reg1,Hydrogen_ST,Storage,0.0
568,2030,reg1,Hydrogen_ST,Storage,0.0
569,2031,reg1,Hydrogen_ST,Storage,0.0
570,2032,reg1,Hydrogen_ST,Storage,0.0
571,2033,reg1,Hydrogen_ST,Storage,0.0
572,2034,reg1,Hydrogen_ST,Storage,0.0
573,2035,reg1,Hydrogen_ST,Storage,0.0
574,2036,reg1,Hydrogen_ST,Storage,0.0
575,2037,reg1,Hydrogen_ST,Storage,0.0
576,2038,reg1,Hydrogen_ST,Storage,0.0
577,2039,reg1,Hydrogen_ST,Storage,0.0
578,2040,reg1,Hydrogen_ST,Storage,0.0
579,2041,reg1,Hydrogen_ST,Storage,0.0
580,2042,reg1,Hydrogen_ST,Storage,0.0
581,2043,reg1,Hydrogen_ST,Storage,0.0
582,2044,reg1,Hydrogen_ST,Storage,0.0
583,2045,reg1,Hydrogen_ST,Storage,0.0
584,2046,reg1,Hydrogen_ST,Storage,0.0
585,2047,reg1,Hydrogen_ST,Storage,0.0
586,2048,reg1,Hydrogen_ST,Storage,0.0
587,2049,reg1,Hydrogen_ST,Storage,0.0
588,2050,reg1,Hydrogen_ST,Storage,0.0
589,2020,reg1,SMR,Conversion,0.0
590,2021,reg1,SMR,Conversion,0.5476030609324113
591,2022,reg1,SMR,Conversion,0.6036067596151165
592,2023,reg1,SMR,Conversion,0.6597969485449676
593,2024,reg1,SMR,Conversion,0.7156988217796597
594,2025,reg1,SMR,Conversion,0.770839049377127
595,2026,reg1,SMR,Conversion,0.8329131662153324
596,2027,reg1,SMR,Conversion,0.8901861676286061
597,2028,reg1,SMR,Conversion,0.9427429907674061
598,2029,reg1,SMR,Conversion,0.9906684630408165
599,2030,reg1,SMR,Conversion,1.2140698145079596
600,2031,reg1,SMR,Conversion,1.3214110458304442
601,2032,reg1,SMR,Conversion,1.4731771705314074
602,2033,reg1,SMR,Conversion,1.7202102828460477
603,2034,reg1,SMR,Conversion,2.2133515989071206
604,2035,reg1,SMR,Conversion,2.5228814638013293
605,2036,reg1,SMR,Conversion,2.9248340227025724
606,2037,reg1,SMR,Conversion,3.2445198983430092
607,2038,reg1,SMR,Conversion,3.525037767750183
608,2039,reg1,SMR,Conversion,3.80406852949507
609,2040,reg1,SMR,Conversion,4.097333769951575
610,2041,reg1,SMR,Conversion,4.340804929679143
611,2042,reg1,SMR,Conversion,4.5885086309721075
612,2043,reg1,SMR,Conversion,4.850234856177696
613,2044,reg1,SMR,Conversion,5.130674541488999
614,2045,reg1,SMR,Conversion,5.369830956497608
615,2046,reg1,SMR,Conversion,5.369830956497608
616,2047,reg1,SMR,Conversion,5.369830956497608
617,2048,reg1,SMR,Conversion,5.369830956497608
618,2049,reg1,SMR,Conversion,5.369830956497608
619,2050,reg1,SMR,Conversion,5.369830956497608
620,2020,reg1,SMR_CCS,Conversion,0.0
621,2021,reg1,SMR_CCS,Conversion,0.0
622,2022,reg1,SMR_CCS,Conversion,0.0
623,2023,reg1,SMR_CCS,Conversion,0.0
624,2024,reg1,SMR_CCS,Conversion,0.0
625,2025,reg1,SMR_CCS,Conversion,0.0
626,2026,reg1,SMR_CCS,Conversion,0.0
627,2027,reg1,SMR_CCS,Conversion,0.0
628,2028,reg1,SMR_CCS,Conversion,0.0
629,2029,reg1,SMR_CCS,Conversion,0.0
630,2030,reg1,SMR_CCS,Conversion,0.0
631,2031,reg1,SMR_CCS,Conversion,0.0
632,2032,reg1,SMR_CCS,Conversion,0.0
633,2033,reg1,SMR_CCS,Conversion,0.0
634,2034,reg1,SMR_CCS,Conversion,0.0
635,2035,reg1,SMR_CCS,Conversion,0.0
636,2036,reg1,SMR_CCS,Conversion,0.0
637,2037,reg1,SMR_CCS,Conversion,0.0
638,2038,reg1,SMR_CCS,Conversion,0.0
639,2039,reg1,SMR_CCS,Conversion,0.0
640,2040,reg1,SMR_CCS,Conversion,0.0
641,2041,reg1,SMR_CCS,Conversion,0.0
642,2042,reg1,SMR_CCS,Conversion,0.0
643,2043,reg1,SMR_CCS,Conversion,0.0
644,2044,reg1,SMR_CCS,Conversion,0.0
645,2045,reg1,SMR_CCS,Conversion,0.0
646,2046,reg1,SMR_CCS,Conversion,0.0
647,2047,reg1,SMR_CCS,Conversion,0.0
648,2048,reg1,SMR_CCS,Conversion,0.0
649,2049,reg1,SMR_CCS,Conversion,0.0
650,2050,reg1,SMR_CCS,Conversion,0.0
651,2020,reg1,Methane_pyrolysis,Conversion,0.0
652,2021,reg1,Methane_pyrolysis,Conversion,0.0
653,2022,reg1,Methane_pyrolysis,Conversion,0.0
654,2023,reg1,Methane_pyrolysis,Conversion,0.0
655,2024,reg1,Methane_pyrolysis,Conversion,0.0
656,2025,reg1,Methane_pyrolysis,Conversion,0.0
657,2026,reg1,Methane_pyrolysis,Conversion,0.0
658,2027,reg1,Methane_pyrolysis,Conversion,0.0
659,2028,reg1,Methane_pyrolysis,Conversion,0.0
660,2029,reg1,Methane_pyrolysis,Conversion,0.0
661,2030,reg1,Methane_pyrolysis,Conversion,0.0
662,2031,reg1,Methane_pyrolysis,Conversion,0.0
663,2032,reg1,Methane_pyrolysis,Conversion,0.0
664,2033,reg1,Methane_pyrolysis,Conversion,0.0
665,2034,reg1,Methane_pyrolysis,Conversion,0.0
666,2035,reg1,Methane_pyrolysis,Conversion,0.0
667,2036,reg1,Methane_pyrolysis,Conversion,0.0
668,2037,reg1,Methane_pyrolysis,Conversion,0.0
669,2038,reg1,Methane_pyrolysis,Conversion,0.0
670,2039,reg1,Methane_pyrolysis,Conversion,0.0
671,2040,reg1,Methane_pyrolysis,Conversion,0.0
672,2041,reg1,Methane_pyrolysis,Conversion,0.0
673,2042,reg1,Methane_pyrolysis,Conversion,0.0
674,2043,reg1,Methane_pyrolysis,Conversion,0.0
675,2044,reg1,Methane_pyrolysis,Conversion,0.0
676,2045,reg1,Methane_pyrolysis,Conversion,0.0
677,2046,reg1,Methane_pyrolysis,Conversion,0.10783574447368416
678,2047,reg1,Methane_pyrolysis,Conversion,0.23702395394889397
679,2048,reg1,Methane_pyrolysis,Conversion,0.3874292572369722
680,2049,reg1,Methane_pyrolysis,Conversion,0.5591401994061627
681,2050,reg1,Methane_pyrolysis,Conversion,0.7525848992656069
682,2020,reg1,Electrolysis,Conversion,0.0
683,2021,reg1,Electrolysis,Conversion,0.0
684,2022,reg1,Electrolysis,Conversion,0.0
685,2023,reg1,Electrolysis,Conversion,0.0
686,2024,reg1,Electrolysis,Conversion,0.0
687,2025,reg1,Electrolysis,Conversion,0.0
688,2026,reg1,Electrolysis,Conversion,0.0
689,2027,reg1,Electrolysis,Conversion,0.0
690,2028,reg1,Electrolysis,Conversion,0.0
691,2029,reg1,Electrolysis,Conversion,0.0
692,2030,reg1,Electrolysis,Conversion,0.0
693,2031,reg1,Electrolysis,Conversion,0.0
694,2032,reg1,Electrolysis,Conversion,0.0
695,2033,reg1,Electrolysis,Conversion,0.0
696,2034,reg1,Electrolysis,Conversion,0.0
697,2035,reg1,Electrolysis,Conversion,0.0
698,2036,reg1,Electrolysis,Conversion,0.0
699,2037,reg1,Electrolysis,Conversion,0.0
700,2038,reg1,Electrolysis,Conversion,0.0
701,2039,reg1,Electrolysis,Conversion,0.0
702,2040,reg1,Electrolysis,Conversion,0.0
703,2041,reg1,Electrolysis,Conversion,0.0
704,2042,reg1,Electrolysis,Conversion,0.0
705,2043,reg1,Electrolysis,Conversion,0.0
706,2044,reg1,Electrolysis,Conversion,0.0
707,2045,reg1,Electrolysis,Conversion,0.0
708,2046,reg1,Electrolysis,Conversion,0.0
709,2047,reg1,Electrolysis,Conversion,0.0
710,2048,reg1,Electrolysis,Conversion,0.0
711,2049,reg1,Electrolysis,Conversion,0.0
712,2050,reg1,Electrolysis,Conversion,0.0
713,2020,reg1,SFF_PP,Conversion,7.167
714,2021,reg1,SFF_PP,Conversion,6.88032
715,2022,reg1,SFF_PP,Conversion,6.593640000000001
716,2023,reg1,SFF_PP,Conversion,6.306960000000001
717,2024,reg1,SFF_PP,Conversion,6.020280000000001
718,2025,reg1,SFF_PP,Conversion,5.733600000000002
719,2026,reg1,SFF_PP,Conversion,5.446920000000002
720,2027,reg1,SFF_PP,Conversion,5.160240000000003
721,2028,reg1,SFF_PP,Conversion,4.873560000000003
722,2029,reg1,SFF_PP,Conversion,4.586880000000003
723,2030,reg1,SFF_PP,Conversion,4.300200000000004
724,2031,reg1,SFF_PP,Conversion,4.013520000000004
725,2032,reg1,SFF_PP,Conversion,3.726840000000004
726,2033,reg1,SFF_PP,Conversion,3.440160000000004
727,2034,reg1,SFF_PP,Conversion,3.153480000000004
728,2035,reg1,SFF_PP,Conversion,2.866800000000004
729,2036,reg1,SFF_PP,Conversion,2.580120000000004
730,2037,reg1,SFF_PP,Conversion,2.293440000000004
731,2038,reg1,SFF_PP,Conversion,2.006760000000004
732,2039,reg1,SFF_PP,Conversion,1.7200800000000038
733,2040,reg1,SFF_PP,Conversion,1.4334000000000038
734,2041,reg1,SFF_PP,Conversion,1.1467200000000037
735,2042,reg1,SFF_PP,Conversion,0.8600400000000037
736,2043,reg1,SFF_PP,Conversion,0.5733600000000036
737,2044,reg1,SFF_PP,Conversion,0.28668000000000365
738,2045,reg1,SFF_PP,Conversion,3.6637359812630166e-15
739,2046,reg1,SFF_PP,Conversion,0.0
740,2047,reg1,SFF_PP,Conversion,0.0
741,2048,reg1,SFF_PP,Conversion,0.0
742,2049,reg1,SFF_PP,Conversion,0.0
743,2050,reg1,SFF_PP,Conversion,0.0
744,2020,reg1,Oil_PP,Conversion,2.4471999999999996
745,2021,reg1,Oil_PP,Conversion,2.3493119999999994
746,2022,reg1,Oil_PP,Conversion,2.251423999999999
747,2023,reg1,Oil_PP,Conversion,2.153535999999999
748,2024,reg1,Oil_PP,Conversion,2.055647999999999
749,2025,reg1,Oil_PP,Conversion,1.9577599999999988
750,2026,reg1,Oil_PP,Conversion,1.8598719999999989
751,2027,reg1,Oil_PP,Conversion,1.7619839999999989
752,2028,reg1,Oil_PP,Conversion,1.664095999999999
753,2029,reg1,Oil_PP,Conversion,1.566207999999999
754,2030,reg1,Oil_PP,Conversion,1.468319999999999
755,2031,reg1,Oil_PP,Conversion,1.370431999999999
756,2032,reg1,Oil_PP,Conversion,1.272543999999999
757,2033,reg1,Oil_PP,Conversion,1.174655999999999
758,2034,reg1,Oil_PP,Conversion,1.076767999999999
759,2035,reg1,Oil_PP,Conversion,0.9788799999999991
760,2036,reg1,Oil_PP,Conversion,0.8809919999999991
761,2037,reg1,Oil_PP,Conversion,0.7831039999999991
762,2038,reg1,Oil_PP,Conversion,0.6852159999999992
763,2039,reg1,Oil_PP,Conversion,0.5873279999999992
764,2040,reg1,Oil_PP,Conversion,0.4894399999999992
765,2041,reg1,Oil_PP,Conversion,0.39155199999999923
766,2042,reg1,Oil_PP,Conversion,0.29366399999999926
767,2043,reg1,Oil_PP,Conversion,0.19577599999999928
768,2044,reg1,Oil_PP,Conversion,0.0978879999999993
769,2045,reg1,Oil_PP,Conversion,-6.938893903907228e-16
770,2046,reg1,Oil_PP,Conversion,0.0
771,2047,reg1,Oil_PP,Conversion,0.0
772,2048,reg1,Oil_PP,Conversion,0.0
773,2049,reg1,Oil_PP,Conversion,0.0
774,2050,reg1,Oil_PP,Conversion,0.0
775,2020,reg1,Nuc_SMR,Conversion,0.0
776,2021,reg1,Nuc_SMR,Conversion,0.0
777,2022,reg1,Nuc_SMR,Conversion,0.0
778,2023,reg1,Nuc_SMR,Conversion,0.0
779,2024,reg1,Nuc_SMR,Conversion,0.0
780,2025,reg1,Nuc_SMR,Conversion,0.0
781,2026,reg1,Nuc_SMR,Conversion,0.0
782,2027,reg1,Nuc_SMR,Conversion,0.0
783,2028,reg1,Nuc_SMR,Conversion,0.0
784,2029,reg1,Nuc_SMR,Conversion,0.0
785,2030,reg1,Nuc_SMR,Conversion,0.0
786,2031,reg1,Nuc_SMR,Conversion,0.0
787,2032,reg1,Nuc_SMR,Conversion,0.0
788,2033,reg1,Nuc_SMR,Conversion,0.0
789,2034,reg1,Nuc_SMR,Conversion,0.0
790,2035,reg1,Nuc_SMR,Conversion,0.0
791,2036,reg1,Nuc_SMR,Conversion,0.0
792,2037,reg1,Nuc_SMR,Conversion,0.0
793,2038,reg1,Nuc_SMR,Conversion,0.0
794,2039,reg1,Nuc_SMR,Conversion,0.0
795,2040,reg1,Nuc_SMR,Conversion,0.0
796,2041,reg1,Nuc_SMR,Conversion,0.0
797,2042,reg1,Nuc_SMR,Conversion,0.0
798,2043,reg1,Nuc_SMR,Conversion,0.0
799,2044,reg1,Nuc_SMR,Conversion,0.0
800,2045,reg1,Nuc_SMR,Conversion,0.0
801,2046,reg1,Nuc_SMR,Conversion,0.0
802,2047,reg1,Nuc_SMR,Conversion,0.0
803,2048,reg1,Nuc_SMR,Conversion,0.0
804,2049,reg1,Nuc_SMR,Conversion,0.0
805,2050,reg1,Nuc_SMR,Conversion,0.0
806,2020,reg1,Nuc_AMR,Conversion,0.0
807,2021,reg1,Nuc_AMR,Conversion,0.0
808,2022,reg1,Nuc_AMR,Conversion,0.0
809,2023,reg1,Nuc_AMR,Conversion,0.0
810,2024,reg1,Nuc_AMR,Conversion,0.0
811,2025,reg1,Nuc_AMR,Conversion,0.0
812,2026,reg1,Nuc_AMR,Conversion,0.0
813,2027,reg1,Nuc_AMR,Conversion,0.0
814,2028,reg1,Nuc_AMR,Conversion,0.0
815,2029,reg1,Nuc_AMR,Conversion,0.0
816,2030,reg1,Nuc_AMR,Conversion,0.0
817,2031,reg1,Nuc_AMR,Conversion,0.0
818,2032,reg1,Nuc_AMR,Conversion,0.0
819,2033,reg1,Nuc_AMR,Conversion,0.0
820,2034,reg1,Nuc_AMR,Conversion,0.0
821,2035,reg1,Nuc_AMR,Conversion,0.0
822,2036,reg1,Nuc_AMR,Conversion,0.0
823,2037,reg1,Nuc_AMR,Conversion,0.0
824,2038,reg1,Nuc_AMR,Conversion,0.0
825,2039,reg1,Nuc_AMR,Conversion,0.0
826,2040,reg1,Nuc_AMR,Conversion,0.0
827,2041,reg1,Nuc_AMR,Conversion,0.0
828,2042,reg1,Nuc_AMR,Conversion,0.0
829,2043,reg1,Nuc_AMR,Conversion,0.0
830,2044,reg1,Nuc_AMR,Conversion,0.0
831,2045,reg1,Nuc_AMR,Conversion,0.0
832,2046,reg1,Nuc_AMR,Conversion,0.0
833,2047,reg1,Nuc_AMR,Conversion,0.0
834,2048,reg1,Nuc_AMR,Conversion,0.0
835,2049,reg1,Nuc_AMR,Conversion,0.0
836,2050,reg1,Nuc_AMR,Conversion,0.0
837,2020,reg1,Nuc_G3+,Conversion,0.0
838,2021,reg1,Nuc_G3+,Conversion,0.0
839,2022,reg1,Nuc_G3+,Conversion,0.0
840,2023,reg1,Nuc_G3+,Conversion,0.0
841,2024,reg1,Nuc_G3+,Conversion,0.0
842,2025,reg1,Nuc_G3+,Conversion,0.0
843,2026,reg1,Nuc_G3+,Conversion,0.0
844,2027,reg1,Nuc_G3+,Conversion,0.0
845,2028,reg1,Nuc_G3+,Conversion,0.0
846,2029,reg1,Nuc_G3+,Conversion,0.0
847,2030,reg1,Nuc_G3+,Conversion,0.0
848,2031,reg1,Nuc_G3+,Conversion,0.0
849,2032,reg1,Nuc_G3+,Conversion,0.0
850,2033,reg1,Nuc_G3+,Conversion,0.0
851,2034,reg1,Nuc_G3+,Conversion,0.0
852,2035,reg1,Nuc_G3+,Conversion,0.0
853,2036,reg1,Nuc_G3+,Conversion,0.0
854,2037,reg1,Nuc_G3+,Conversion,0.0
855,2038,reg1,Nuc_G3+,Conversion,0.0
856,2039,reg1,Nuc_G3+,Conversion,0.0
857,2040,reg1,Nuc_G3+,Conversion,0.0
858,2041,reg1,Nuc_G3+,Conversion,0.0
859,2042,reg1,Nuc_G3+,Conversion,0.0
860,2043,reg1,Nuc_G3+,Conversion,0.0
861,2044,reg1,Nuc_G3+,Conversion,0.0
862,2045,reg1,Nuc_G3+,Conversion,0.0
863,2046,reg1,Nuc_G3+,Conversion,0.0
864,2047,reg1,Nuc_G3+,Conversion,0.0
865,2048,reg1,Nuc_G3+,Conversion,0.0
866,2049,reg1,Nuc_G3+,Conversion,0.0
867,2050,reg1,Nuc_G3+,Conversion,0.0
868,2020,reg1,Nuc_SMR_Power,Conversion,10000000000.0
869,2021,reg1,Nuc_SMR_Power,Conversion,10000000000.0
870,2022,reg1,Nuc_SMR_Power,Conversion,10000000000.0
871,2023,reg1,Nuc_SMR_Power,Conversion,10000000000.0
872,2024,reg1,Nuc_SMR_Power,Conversion,10000000000.0
873,2025,reg1,Nuc_SMR_Power,Conversion,10000000000.0
874,2026,reg1,Nuc_SMR_Power,Conversion,10000000000.0
875,2027,reg1,Nuc_SMR_Power,Conversion,10000000000.0
876,2028,reg1,Nuc_SMR_Power,Conversion,10000000000.0
877,2029,reg1,Nuc_SMR_Power,Conversion,10000000000.0
878,2030,reg1,Nuc_SMR_Power,Conversion,10000000000.0
879,2031,reg1,Nuc_SMR_Power,Conversion,10000000000.0
880,2032,reg1,Nuc_SMR_Power,Conversion,10000000000.0
881,2033,reg1,Nuc_SMR_Power,Conversion,10000000000.0
882,2034,reg1,Nuc_SMR_Power,Conversion,10000000000.0
883,2035,reg1,Nuc_SMR_Power,Conversion,10000000000.0
884,2036,reg1,Nuc_SMR_Power,Conversion,10000000000.0
885,2037,reg1,Nuc_SMR_Power,Conversion,10000000000.0
886,2038,reg1,Nuc_SMR_Power,Conversion,10000000000.0
887,2039,reg1,Nuc_SMR_Power,Conversion,10000000000.0
888,2040,reg1,Nuc_SMR_Power,Conversion,10000000000.0
889,2041,reg1,Nuc_SMR_Power,Conversion,10000000000.0
890,2042,reg1,Nuc_SMR_Power,Conversion,10000000000.0
891,2043,reg1,Nuc_SMR_Power,Conversion,10000000000.0
892,2044,reg1,Nuc_SMR_Power,Conversion,10000000000.0
893,2045,reg1,Nuc_SMR_Power,Conversion,10000000000.0
894,2046,reg1,Nuc_SMR_Power,Conversion,10000000000.0
895,2047,reg1,Nuc_SMR_Power,Conversion,10000000000.0
896,2048,reg1,Nuc_SMR_Power,Conversion,10000000000.0
897,2049,reg1,Nuc_SMR_Power,Conversion,10000000000.0
898,2050,reg1,Nuc_SMR_Power,Conversion,10000000000.0
899,2020,reg1,Nuc_AMR_Power,Conversion,10000000000.0
900,2021,reg1,Nuc_AMR_Power,Conversion,10000000000.0
901,2022,reg1,Nuc_AMR_Power,Conversion,10000000000.0
902,2023,reg1,Nuc_AMR_Power,Conversion,10000000000.0
903,2024,reg1,Nuc_AMR_Power,Conversion,10000000000.0
904,2025,reg1,Nuc_AMR_Power,Conversion,10000000000.0
905,2026,reg1,Nuc_AMR_Power,Conversion,10000000000.0
906,2027,reg1,Nuc_AMR_Power,Conversion,10000000000.0
907,2028,reg1,Nuc_AMR_Power,Conversion,10000000000.0
908,2029,reg1,Nuc_AMR_Power,Conversion,10000000000.0
909,2030,reg1,Nuc_AMR_Power,Conversion,10000000000.0
910,2031,reg1,Nuc_AMR_Power,Conversion,10000000000.0
911,2032,reg1,Nuc_AMR_Power,Conversion,10000000000.0
912,2033,reg1,Nuc_AMR_Power,Conversion,10000000000.0
913,2034,reg1,Nuc_AMR_Power,Conversion,10000000000.0
914,2035,reg1,Nuc_AMR_Power,Conversion,10000000000.0
915,2036,reg1,Nuc_AMR_Power,Conversion,10000000000.0
916,2037,reg1,Nuc_AMR_Power,Conversion,10000000000.0
917,2038,reg1,Nuc_AMR_Power,Conversion,10000000000.0
918,2039,reg1,Nuc_AMR_Power,Conversion,10000000000.0
919,2040,reg1,Nuc_AMR_Power,Conversion,10000000000.0
920,2041,reg1,Nuc_AMR_Power,Conversion,10000000000.0
921,2042,reg1,Nuc_AMR_Power,Conversion,10000000000.0
922,2043,reg1,Nuc_AMR_Power,Conversion,10000000000.0
923,2044,reg1,Nuc_AMR_Power,Conversion,10000000000.0
924,2045,reg1,Nuc_AMR_Power,Conversion,10000000000.0
925,2046,reg1,Nuc_AMR_Power,Conversion,10000000000.0
926,2047,reg1,Nuc_AMR_Power,Conversion,10000000000.0
927,2048,reg1,Nuc_AMR_Power,Conversion,10000000000.0
928,2049,reg1,Nuc_AMR_Power,Conversion,10000000000.0
929,2050,reg1,Nuc_AMR_Power,Conversion,10000000000.0
930,2020,reg1,Nuc_G3+_Power,Conversion,10000000000.0
931,2021,reg1,Nuc_G3+_Power,Conversion,10000000000.0
932,2022,reg1,Nuc_G3+_Power,Conversion,10000000000.0
933,2023,reg1,Nuc_G3+_Power,Conversion,10000000000.0
934,2024,reg1,Nuc_G3+_Power,Conversion,10000000000.0
935,2025,reg1,Nuc_G3+_Power,Conversion,10000000000.0
936,2026,reg1,Nuc_G3+_Power,Conversion,10000000000.0
937,2027,reg1,Nuc_G3+_Power,Conversion,10000000000.0
938,2028,reg1,Nuc_G3+_Power,Conversion,10000000000.0
939,2029,reg1,Nuc_G3+_Power,Conversion,10000000000.0
940,2030,reg1,Nuc_G3+_Power,Conversion,10000000000.0
941,2031,reg1,Nuc_G3+_Power,Conversion,10000000000.0
942,2032,reg1,Nuc_G3+_Power,Conversion,10000000000.0
943,2033,reg1,Nuc_G3+_Power,Conversion,10000000000.0
944,2034,reg1,Nuc_G3+_Power,Conversion,10000000000.0
945,2035,reg1,Nuc_G3+_Power,Conversion,10000000000.0
946,2036,reg1,Nuc_G3+_Power,Conversion,10000000000.0
947,2037,reg1,Nuc_G3+_Power,Conversion,10000000000.0
948,2038,reg1,Nuc_G3+_Power,Conversion,10000000000.0
949,2039,reg1,Nuc_G3+_Power,Conversion,10000000000.0
950,2040,reg1,Nuc_G3+_Power,Conversion,10000000000.0
951,2041,reg1,Nuc_G3+_Power,Conversion,10000000000.0
952,2042,reg1,Nuc_G3+_Power,Conversion,10000000000.0
953,2043,reg1,Nuc_G3+_Power,Conversion,10000000000.0
954,2044,reg1,Nuc_G3+_Power,Conversion,10000000000.0
955,2045,reg1,Nuc_G3+_Power,Conversion,10000000000.0
956,2046,reg1,Nuc_G3+_Power,Conversion,10000000000.0
957,2047,reg1,Nuc_G3+_Power,Conversion,10000000000.0
958,2048,reg1,Nuc_G3+_Power,Conversion,10000000000.0
959,2049,reg1,Nuc_G3+_Power,Conversion,10000000000.0
960,2050,reg1,Nuc_G3+_Power,Conversion,10000000000.0
961,2020,reg1,Nuc_SMR_Heat,Conversion,10000000000.0
962,2021,reg1,Nuc_SMR_Heat,Conversion,10000000000.0
963,2022,reg1,Nuc_SMR_Heat,Conversion,10000000000.0
964,2023,reg1,Nuc_SMR_Heat,Conversion,10000000000.0
965,2024,reg1,Nuc_SMR_Heat,Conversion,10000000000.0
966,2025,reg1,Nuc_SMR_Heat,Conversion,10000000000.0
967,2026,reg1,Nuc_SMR_Heat,Conversion,10000000000.0
968,2027,reg1,Nuc_SMR_Heat,Conversion,10000000000.0
969,2028,reg1,Nuc_SMR_Heat,Conversion,10000000000.0
970,2029,reg1,Nuc_SMR_Heat,Conversion,10000000000.0
971,2030,reg1,Nuc_SMR_Heat,Conversion,10000000000.0
972,2031,reg1,Nuc_SMR_Heat,Conversion,10000000000.0
973,2032,reg1,Nuc_SMR_Heat,Conversion,10000000000.0
974,2033,reg1,Nuc_SMR_Heat,Conversion,10000000000.0
975,2034,reg1,Nuc_SMR_Heat,Conversion,10000000000.0
976,2035,reg1,Nuc_SMR_Heat,Conversion,10000000000.0
977,2036,reg1,Nuc_SMR_Heat,Conversion,10000000000.0
978,2037,reg1,Nuc_SMR_Heat,Conversion,10000000000.0
979,2038,reg1,Nuc_SMR_Heat,Conversion,10000000000.0
980,2039,reg1,Nuc_SMR_Heat,Conversion,10000000000.0
981,2040,reg1,Nuc_SMR_Heat,Conversion,10000000000.0
982,2041,reg1,Nuc_SMR_Heat,Conversion,10000000000.0
983,2042,reg1,Nuc_SMR_Heat,Conversion,10000000000.0
984,2043,reg1,Nuc_SMR_Heat,Conversion,10000000000.0
985,2044,reg1,Nuc_SMR_Heat,Conversion,10000000000.0
986,2045,reg1,Nuc_SMR_Heat,Conversion,10000000000.0
987,2046,reg1,Nuc_SMR_Heat,Conversion,10000000000.0
988,2047,reg1,Nuc_SMR_Heat,Conversion,10000000000.0
989,2048,reg1,Nuc_SMR_Heat,Conversion,10000000000.0
990,2049,reg1,Nuc_SMR_Heat,Conversion,10000000000.0
991,2050,reg1,Nuc_SMR_Heat,Conversion,10000000000.0
992,2020,reg1,Nuc_AMR_Heat,Conversion,10000000000.0
993,2021,reg1,Nuc_AMR_Heat,Conversion,10000000000.0
994,2022,reg1,Nuc_AMR_Heat,Conversion,10000000000.0
995,2023,reg1,Nuc_AMR_Heat,Conversion,10000000000.0
996,2024,reg1,Nuc_AMR_Heat,Conversion,10000000000.0
997,2025,reg1,Nuc_AMR_Heat,Conversion,10000000000.0
998,2026,reg1,Nuc_AMR_Heat,Conversion,10000000000.0
999,2027,reg1,Nuc_AMR_Heat,Conversion,10000000000.0
1000,2028,reg1,Nuc_AMR_Heat,Conversion,10000000000.0
1001,2029,reg1,Nuc_AMR_Heat,Conversion,10000000000.0
1002,2030,reg1,Nuc_AMR_Heat,Conversion,10000000000.0
1003,2031,reg1,Nuc_AMR_Heat,Conversion,10000000000.0
1004,2032,reg1,Nuc_AMR_Heat,Conversion,10000000000.0
1005,2033,reg1,Nuc_AMR_Heat,Conversion,10000000000.0
1006,2034,reg1,Nuc_AMR_Heat,Conversion,10000000000.0
1007,2035,reg1,Nuc_AMR_Heat,Conversion,10000000000.0
1008,2036,reg1,Nuc_AMR_Heat,Conversion,10000000000.0
1009,2037,reg1,Nuc_AMR_Heat,Conversion,10000000000.0
1010,2038,reg1,Nuc_AMR_Heat,Conversion,10000000000.0
1011,2039,reg1,Nuc_AMR_Heat,Conversion,10000000000.0
1012,2040,reg1,Nuc_AMR_Heat,Conversion,10000000000.0
1013,2041,reg1,Nuc_AMR_Heat,Conversion,10000000000.0
1014,2042,reg1,Nuc_AMR_Heat,Conversion,10000000000.0
1015,2043,reg1,Nuc_AMR_Heat,Conversion,10000000000.0
1016,2044,reg1,Nuc_AMR_Heat,Conversion,10000000000.0
1017,2045,reg1,Nuc_AMR_Heat,Conversion,10000000000.0
1018,2046,reg1,Nuc_AMR_Heat,Conversion,10000000000.0
1019,2047,reg1,Nuc_AMR_Heat,Conversion,10000000000.0
1020,2048,reg1,Nuc_AMR_Heat,Conversion,10000000000.0
1021,2049,reg1,Nuc_AMR_Heat,Conversion,10000000000.0
1022,2050,reg1,Nuc_AMR_Heat,Conversion,10000000000.0
1023,2020,reg1,Nuc_G3+_Heat,Conversion,10000000000.0
1024,2021,reg1,Nuc_G3+_Heat,Conversion,10000000000.0
1025,2022,reg1,Nuc_G3+_Heat,Conversion,10000000000.0
1026,2023,reg1,Nuc_G3+_Heat,Conversion,10000000000.0
1027,2024,reg1,Nuc_G3+_Heat,Conversion,10000000000.0
1028,2025,reg1,Nuc_G3+_Heat,Conversion,10000000000.0
1029,2026,reg1,Nuc_G3+_Heat,Conversion,10000000000.0
1030,2027,reg1,Nuc_G3+_Heat,Conversion,10000000000.0
1031,2028,reg1,Nuc_G3+_Heat,Conversion,10000000000.0
1032,2029,reg1,Nuc_G3+_Heat,Conversion,10000000000.0
1033,2030,reg1,Nuc_G3+_Heat,Conversion,10000000000.0
1034,2031,reg1,Nuc_G3+_Heat,Conversion,10000000000.0
1035,2032,reg1,Nuc_G3+_Heat,Conversion,10000000000.0
1036,2033,reg1,Nuc_G3+_Heat,Conversion,10000000000.0
1037,2034,reg1,Nuc_G3+_Heat,Conversion,10000000000.0
1038,2035,reg1,Nuc_G3+_Heat,Conversion,10000000000.0
1039,2036,reg1,Nuc_G3+_Heat,Conversion,10000000000.0
1040,2037,reg1,Nuc_G3+_Heat,Conversion,10000000000.0
1041,2038,reg1,Nuc_G3+_Heat,Conversion,10000000000.0
1042,2039,reg1,Nuc_G3+_Heat,Conversion,10000000000.0
1043,2040,reg1,Nuc_G3+_Heat,Conversion,10000000000.0
1044,2041,reg1,Nuc_G3+_Heat,Conversion,10000000000.0
1045,2042,reg1,Nuc_G3+_Heat,Conversion,10000000000.0
1046,2043,reg1,Nuc_G3+_Heat,Conversion,10000000000.0
1047,2044,reg1,Nuc_G3+_Heat,Conversion,10000000000.0
1048,2045,reg1,Nuc_G3+_Heat,Conversion,10000000000.0
1049,2046,reg1,Nuc_G3+_Heat,Conversion,10000000000.0
1050,2047,reg1,Nuc_G3+_Heat,Conversion,10000000000.0
1051,2048,reg1,Nuc_G3+_Heat,Conversion,10000000000.0
1052,2049,reg1,Nuc_G3+_Heat,Conversion,10000000000.0
1053,2050,reg1,Nuc_G3+_Heat,Conversion,10000000000.0
1054,2020,reg1,NG_PP,Conversion,30.845
1055,2021,reg1,NG_PP,Conversion,29.6112
1056,2022,reg1,NG_PP,Conversion,28.3774
1057,2023,reg1,NG_PP,Conversion,27.143600000000003
1058,2024,reg1,NG_PP,Conversion,25.909800000000004
1059,2025,reg1,NG_PP,Conversion,24.676000000000005
1060,2026,reg1,NG_PP,Conversion,23.442200000000007
1061,2027,reg1,NG_PP,Conversion,22.208400000000008
1062,2028,reg1,NG_PP,Conversion,20.97460000000001
1063,2029,reg1,NG_PP,Conversion,19.74080000000001
1064,2030,reg1,NG_PP,Conversion,18.507000000000012
1065,2031,reg1,NG_PP,Conversion,17.273200000000013
1066,2032,reg1,NG_PP,Conversion,16.039400000000015
1067,2033,reg1,NG_PP,Conversion,14.805600000000014
1068,2034,reg1,NG_PP,Conversion,13.927949122008782
1069,2035,reg1,NG_PP,Conversion,14.563130889090006
1070,2036,reg1,NG_PP,Conversion,17.153853692076087
1071,2037,reg1,NG_PP,Conversion,19.539498138344904
1072,2038,reg1,NG_PP,Conversion,22.114671272249446
1073,2039,reg1,NG_PP,Conversion,24.495227583589568
1074,2040,reg1,NG_PP,Conversion,26.63746665062851
1075,2041,reg1,NG_PP,Conversion,28.99322675540885
1076,2042,reg1,NG_PP,Conversion,31.310207704690622
1077,2043,reg1,NG_PP,Conversion,33.70265564690614
1078,2044,reg1,NG_PP,Conversion,36.22885492490217
1079,2045,reg1,NG_PP,Conversion,38.92884138666439
1080,2046,reg1,NG_PP,Conversion,39.48521327925657
1081,2047,reg1,NG_PP,Conversion,40.269092004783744
1082,2048,reg1,NG_PP,Conversion,41.27846386982527
1083,2049,reg1,NG_PP,Conversion,42.51390775591525
1084,2050,reg1,NG_PP,Conversion,43.978649948023964
1085,2020,reg1,NG_PP_CCS,Conversion,0.0
1086,2021,reg1,NG_PP_CCS,Conversion,0.0
1087,2022,reg1,NG_PP_CCS,Conversion,0.0
1088,2023,reg1,NG_PP_CCS,Conversion,0.0
1089,2024,reg1,NG_PP_CCS,Conversion,0.0
1090,2025,reg1,NG_PP_CCS,Conversion,0.0
1091,2026,reg1,NG_PP_CCS,Conversion,0.0
1092,2027,reg1,NG_PP_CCS,Conversion,0.0
1093,2028,reg1,NG_PP_CCS,Conversion,0.0
1094,2029,reg1,NG_PP_CCS,Conversion,0.0
1095,2030,reg1,NG_PP_CCS,Conversion,0.0
1096,2031,reg1,NG_PP_CCS,Conversion,0.0
1097,2032,reg1,NG_PP_CCS,Conversion,0.0
1098,2033,reg1,NG_PP_CCS,Conversion,0.0
1099,2034,reg1,NG_PP_CCS,Conversion,0.0
1100,2035,reg1,NG_PP_CCS,Conversion,0.0
1101,2036,reg1,NG_PP_CCS,Conversion,0.0
1102,2037,reg1,NG_PP_CCS,Conversion,0.0
1103,2038,reg1,NG_PP_CCS,Conversion,0.0
1104,2039,reg1,NG_PP_CCS,Conversion,0.0
1105,2040,reg1,NG_PP_CCS,Conversion,0.0
1106,2041,reg1,NG_PP_CCS,Conversion,0.0
1107,2042,reg1,NG_PP_CCS,Conversion,0.0
1108,2043,reg1,NG_PP_CCS,Conversion,0.0
1109,2044,reg1,NG_PP_CCS,Conversion,0.0
1110,2045,reg1,NG_PP_CCS,Conversion,0.0
1111,2046,reg1,NG_PP_CCS,Conversion,0.0
1112,2047,reg1,NG_PP_CCS,Conversion,0.0
1113,2048,reg1,NG_PP_CCS,Conversion,0.0
1114,2049,reg1,NG_PP_CCS,Conversion,0.0
1115,2050,reg1,NG_PP_CCS,Conversion,0.0
1116,2020,reg1,Bio_refinery,Conversion_plus,10000000000.0
1117,2021,reg1,Bio_refinery,Conversion_plus,10000000000.0
1118,2022,reg1,Bio_refinery,Conversion_plus,10000000000.0
1119,2023,reg1,Bio_refinery,Conversion_plus,10000000000.0
1120,2024,reg1,Bio_refinery,Conversion_plus,10000000000.0
1121,2025,reg1,Bio_refinery,Conversion_plus,10000000000.0
1122,2026,reg1,Bio_refinery,Conversion_plus,10000000000.0
1123,2027,reg1,Bio_refinery,Conversion_plus,10000000000.0
1124,2028,reg1,Bio_refinery,Conversion_plus,10000000000.0
1125,2029,reg1,Bio_refinery,Conversion_plus,10000000000.0
1126,2030,reg1,Bio_refinery,Conversion_plus,10000000000.0
1127,2031,reg1,Bio_refinery,Conversion_plus,10000000000.0
1128,2032,reg1,Bio_refinery,Conversion_plus,10000000000.0
1129,2033,reg1,Bio_refinery,Conversion_plus,10000000000.0
1130,2034,reg1,Bio_refinery,Conversion_plus,10000000000.0
1131,2035,reg1,Bio_refinery,Conversion_plus,10000000000.0
1132,2036,reg1,Bio_refinery,Conversion_plus,10000000000.0
1133,2037,reg1,Bio_refinery,Conversion_plus,10000000000.0
1134,2038,reg1,Bio_refinery,Conversion_plus,10000000000.0
1135,2039,reg1,Bio_refinery,Conversion_plus,10000000000.0
1136,2040,reg1,Bio_refinery,Conversion_plus,10000000000.0
1137,2041,reg1,Bio_refinery,Conversion_plus,10000000000.0
1138,2042,reg1,Bio_refinery,Conversion_plus,10000000000.0
1139,2043,reg1,Bio_refinery,Conversion_plus,10000000000.0
1140,2044,reg1,Bio_refinery,Conversion_plus,10000000000.0
1141,2045,reg1,Bio_refinery,Conversion_plus,10000000000.0
1142,2046,reg1,Bio_refinery,Conversion_plus,10000000000.0
1143,2047,reg1,Bio_refinery,Conversion_plus,10000000000.0
1144,2048,reg1,Bio_refinery,Conversion_plus,10000000000.0
1145,2049,reg1,Bio_refinery,Conversion_plus,10000000000.0
1146,2050,reg1,Bio_refinery,Conversion_plus,10000000000.0
1147,2020,reg1,Oil_refinery,Conversion_plus,114.51839155251142
1148,2021,reg1,Oil_refinery,Conversion_plus,109.93765589041097
1149,2022,reg1,Oil_refinery,Conversion_plus,105.35692022831051
1150,2023,reg1,Oil_refinery,Conversion_plus,100.77618456621006
1151,2024,reg1,Oil_refinery,Conversion_plus,96.19544890410961
1152,2025,reg1,Oil_refinery,Conversion_plus,91.61471324200916
1153,2026,reg1,Oil_refinery,Conversion_plus,87.03397757990871
1154,2027,reg1,Oil_refinery,Conversion_plus,82.45324191780826
1155,2028,reg1,Oil_refinery,Conversion_plus,77.8725062557078
1156,2029,reg1,Oil_refinery,Conversion_plus,73.29177059360735
1157,2030,reg1,Oil_refinery,Conversion_plus,68.7110349315069
1158,2031,reg1,Oil_refinery,Conversion_plus,64.13029926940645
1159,2032,reg1,Oil_refinery,Conversion_plus,59.54956360730599
1160,2033,reg1,Oil_refinery,Conversion_plus,54.96882794520553
1161,2034,reg1,Oil_refinery,Conversion_plus,50.388092283105074
1162,2035,reg1,Oil_refinery,Conversion_plus,45.807356621004615
1163,2036,reg1,Oil_refinery,Conversion_plus,41.22662095890416
1164,2037,reg1,Oil_refinery,Conversion_plus,36.6458852968037
1165,2038,reg1,Oil_refinery,Conversion_plus,32.06514963470324
1166,2039,reg1,Oil_refinery,Conversion_plus,29.762880778289336
1167,2040,reg1,Oil_refinery,Conversion_plus,28.737902614905835
1168,2041,reg1,Oil_refinery,Conversion_plus,27.57509791666028
1169,2042,reg1,Oil_refinery,Conversion_plus,26.52739334237817
1170,2043,reg1,Oil_refinery,Conversion_plus,25.60615040328804
1171,2044,reg1,Oil_refinery,Conversion_plus,24.782229096475817
1172,2045,reg1,Oil_refinery,Conversion_plus,24.015368512897986
1173,2046,reg1,Oil_refinery,Conversion_plus,24.018705788204965
1174,2047,reg1,Oil_refinery,Conversion_plus,24.05409803809793
1175,2048,reg1,Oil_refinery,Conversion_plus,24.121152539276178
1176,2049,reg1,Oil_refinery,Conversion_plus,24.219862709614254
1177,2050,reg1,Oil_refinery,Conversion_plus,24.361887907113513
1178,2020,reg1,Biofuels_mix,Conversion_plus,10000000000.0
1179,2021,reg1,Biofuels_mix,Conversion_plus,10000000000.0
1180,2022,reg1,Biofuels_mix,Conversion_plus,10000000000.0
1181,2023,reg1,Biofuels_mix,Conversion_plus,10000000000.0
1182,2024,reg1,Biofuels_mix,Conversion_plus,10000000000.0
1183,2025,reg1,Biofuels_mix,Conversion_plus,10000000000.0
1184,2026,reg1,Biofuels_mix,Conversion_plus,10000000000.0
1185,2027,reg1,Biofuels_mix,Conversion_plus,10000000000.0
1186,2028,reg1,Biofuels_mix,Conversion_plus,10000000000.0
1187,2029,reg1,Biofuels_mix,Conversion_plus,10000000000.0
1188,2030,reg1,Biofuels_mix,Conversion_plus,10000000000.0
1189,2031,reg1,Biofuels_mix,Conversion_plus,10000000000.0
1190,2032,reg1,Biofuels_mix,Conversion_plus,10000000000.0
1191,2033,reg1,Biofuels_mix,Conversion_plus,10000000000.0
1192,2034,reg1,Biofuels_mix,Conversion_plus,10000000000.0
1193,2035,reg1,Biofuels_mix,Conversion_plus,10000000000.0
1194,2036,reg1,Biofuels_mix,Conversion_plus,10000000000.0
1195,2037,reg1,Biofuels_mix,Conversion_plus,10000000000.0
1196,2038,reg1,Biofuels_mix,Conversion_plus,10000000000.0
1197,2039,reg1,Biofuels_mix,Conversion_plus,10000000000.0
1198,2040,reg1,Biofuels_mix,Conversion_plus,10000000000.0
1199,2041,reg1,Biofuels_mix,Conversion_plus,10000000000.0
1200,2042,reg1,Biofuels_mix,Conversion_plus,10000000000.0
1201,2043,reg1,Biofuels_mix,Conversion_plus,10000000000.0
1202,2044,reg1,Biofuels_mix,Conversion_plus,10000000000.0
1203,2045,reg1,Biofuels_mix,Conversion_plus,10000000000.0
1204,2046,reg1,Biofuels_mix,Conversion_plus,10000000000.0
1205,2047,reg1,Biofuels_mix,Conversion_plus,10000000000.0
1206,2048,reg1,Biofuels_mix,Conversion_plus,10000000000.0
1207,2049,reg1,Biofuels_mix,Conversion_plus,10000000000.0
1208,2050,reg1,Biofuels_mix,Conversion_plus,10000000000.0
1209,2020,reg1,NG_CHP_P,Conversion_plus,13.442
1210,2021,reg1,NG_CHP_P,Conversion_plus,12.7699
1211,2022,reg1,NG_CHP_P,Conversion_plus,12.0978
1212,2023,reg1,NG_CHP_P,Conversion_plus,11.4257
1213,2024,reg1,NG_CHP_P,Conversion_plus,10.7536
1214,2025,reg1,NG_CHP_P,Conversion_plus,10.0815
1215,2026,reg1,NG_CHP_P,Conversion_plus,9.4094
1216,2027,reg1,NG_CHP_P,Conversion_plus,8.7373
1217,2028,reg1,NG_CHP_P,Conversion_plus,8.0652
1218,2029,reg1,NG_CHP_P,Conversion_plus,7.3931
1219,2030,reg1,NG_CHP_P,Conversion_plus,6.721
1220,2031,reg1,NG_CHP_P,Conversion_plus,6.0489
1221,2032,reg1,NG_CHP_P,Conversion_plus,5.3768
1222,2033,reg1,NG_CHP_P,Conversion_plus,4.7047
1223,2034,reg1,NG_CHP_P,Conversion_plus,4.0326
1224,2035,reg1,NG_CHP_P,Conversion_plus,3.3605
1225,2036,reg1,NG_CHP_P,Conversion_plus,2.6884
1226,2037,reg1,NG_CHP_P,Conversion_plus,2.0163
1227,2038,reg1,NG_CHP_P,Conversion_plus,1.3442
1228,2039,reg1,NG_CHP_P,Conversion_plus,0.8050502548767251
1229,2040,reg1,NG_CHP_P,Conversion_plus,0.7382876572338155
1230,2041,reg1,NG_CHP_P,Conversion_plus,0.7382876572338202
1231,2042,reg1,NG_CHP_P,Conversion_plus,0.7382876572338202
1232,2043,reg1,NG_CHP_P,Conversion_plus,0.7382876572338202
1233,2044,reg1,NG_CHP_P,Conversion_plus,0.7382876572338202
1234,2045,reg1,NG_CHP_P,Conversion_plus,0.7725605309005915
1235,2046,reg1,NG_CHP_P,Conversion_plus,0.8130636452484131
1236,2047,reg1,NG_CHP_P,Conversion_plus,0.8591838467367113
1237,2048,reg1,NG_CHP_P,Conversion_plus,0.9103833033403668
1238,2049,reg1,NG_CHP_P,Conversion_plus,0.9661908136174104
1239,2050,reg1,NG_CHP_P,Conversion_plus,1.0261941354780422
1240,2020,reg1,BW_CHP_P,Conversion_plus,3.6178
1241,2021,reg1,BW_CHP_P,Conversion_plus,3.6178
1242,2022,reg1,BW_CHP_P,Conversion_plus,3.6178
1243,2023,reg1,BW_CHP_P,Conversion_plus,3.6178
1244,2024,reg1,BW_CHP_P,Conversion_plus,3.6178
1245,2025,reg1,BW_CHP_P,Conversion_plus,3.6178
1246,2026,reg1,BW_CHP_P,Conversion_plus,3.6178
1247,2027,reg1,BW_CHP_P,Conversion_plus,3.6178
1248,2028,reg1,BW_CHP_P,Conversion_plus,3.6178
1249,2029,reg1,BW_CHP_P,Conversion_plus,3.6178
1250,2030,reg1,BW_CHP_P,Conversion_plus,3.6178
1251,2031,reg1,BW_CHP_P,Conversion_plus,3.6178
1252,2032,reg1,BW_CHP_P,Conversion_plus,3.6178
1253,2033,reg1,BW_CHP_P,Conversion_plus,3.6178
1254,2034,reg1,BW_CHP_P,Conversion_plus,3.6178
1255,2035,reg1,BW_CHP_P,Conversion_plus,3.6178
1256,2036,reg1,BW_CHP_P,Conversion_plus,3.6178
1257,2037,reg1,BW_CHP_P,Conversion_plus,3.6178
1258,2038,reg1,BW_CHP_P,Conversion_plus,3.6178
1259,2039,reg1,BW_CHP_P,Conversion_plus,3.6178
1260,2040,reg1,BW_CHP_P,Conversion_plus,3.6178
1261,2041,reg1,BW_CHP_P,Conversion_plus,3.6178000000000012
1262,2042,reg1,BW_CHP_P,Conversion_plus,3.6178000000000012
1263,2043,reg1,BW_CHP_P,Conversion_plus,3.6178000000000012
1264,2044,reg1,BW_CHP_P,Conversion_plus,3.6178000000000012
1265,2045,reg1,BW_CHP_P,Conversion_plus,3.6178000000000012
1266,2046,reg1,BW_CHP_P,Conversion_plus,3.6178
1267,2047,reg1,BW_CHP_P,Conversion_plus,3.6178
1268,2048,reg1,BW_CHP_P,Conversion_plus,3.6178
1269,2049,reg1,BW_CHP_P,Conversion_plus,3.617800000000001
1270,2050,reg1,BW_CHP_P,Conversion_plus,3.617800000000001
1271,2020,reg1,Export_mix,Conversion_plus,10000000000.0
1272,2021,reg1,Export_mix,Conversion_plus,10000000000.0
1273,2022,reg1,Export_mix,Conversion_plus,10000000000.0
1274,2023,reg1,Export_mix,Conversion_plus,10000000000.0
1275,2024,reg1,Export_mix,Conversion_plus,10000000000.0
1276,2025,reg1,Export_mix,Conversion_plus,10000000000.0
1277,2026,reg1,Export_mix,Conversion_plus,10000000000.0
1278,2027,reg1,Export_mix,Conversion_plus,10000000000.0
1279,2028,reg1,Export_mix,Conversion_plus,10000000000.0
1280,2029,reg1,Export_mix,Conversion_plus,10000000000.0
1281,2030,reg1,Export_mix,Conversion_plus,10000000000.0
1282,2031,reg1,Export_mix,Conversion_plus,10000000000.0
1283,2032,reg1,Export_mix,Conversion_plus,10000000000.0
1284,2033,reg1,Export_mix,Conversion_plus,10000000000.0
1285,2034,reg1,Export_mix,Conversion_plus,10000000000.0
1286,2035,reg1,Export_mix,Conversion_plus,10000000000.0
1287,2036,reg1,Export_mix,Conversion_plus,10000000000.0
1288,2037,reg1,Export_mix,Conversion_plus,10000000000.0
1289,2038,reg1,Export_mix,Conversion_plus,10000000000.0
1290,2039,reg1,Export_mix,Conversion_plus,10000000000.0
1291,2040,reg1,Export_mix,Conversion_plus,10000000000.0
1292,2041,reg1,Export_mix,Conversion_plus,10000000000.0
1293,2042,reg1,Export_mix,Conversion_plus,10000000000.0
1294,2043,reg1,Export_mix,Conversion_plus,10000000000.0
1295,2044,reg1,Export_mix,Conversion_plus,10000000000.0
1296,2045,reg1,Export_mix,Conversion_plus,10000000000.0
1297,2046,reg1,Export_mix,Conversion_plus,10000000000.0
1298,2047,reg1,Export_mix,Conversion_plus,10000000000.0
1299,2048,reg1,Export_mix,Conversion_plus,10000000000.0
1300,2049,reg1,Export_mix,Conversion_plus,10000000000.0
1301,2050,reg1,Export_mix,Conversion_plus,10000000000.0
1302,2020,reg1,Primary_mix,Conversion_plus,10000000000.0
1303,2021,reg1,Primary_mix,Conversion_plus,10000000000.0
1304,2022,reg1,Primary_mix,Conversion_plus,10000000000.0
1305,2023,reg1,Primary_mix,Conversion_plus,10000000000.0
1306,2024,reg1,Primary_mix,Conversion_plus,10000000000.0
1307,2025,reg1,Primary_mix,Conversion_plus,10000000000.0
1308,2026,reg1,Primary_mix,Conversion_plus,10000000000.0
1309,2027,reg1,Primary_mix,Conversion_plus,10000000000.0
1310,2028,reg1,Primary_mix,Conversion_plus,10000000000.0
1311,2029,reg1,Primary_mix,Conversion_plus,10000000000.0
1312,2030,reg1,Primary_mix,Conversion_plus,10000000000.0
1313,2031,reg1,Primary_mix,Conversion_plus,10000000000.0
1314,2032,reg1,Primary_mix,Conversion_plus,10000000000.0
1315,2033,reg1,Primary_mix,Conversion_plus,10000000000.0
1316,2034,reg1,Primary_mix,Conversion_plus,10000000000.0
1317,2035,reg1,Primary_mix,Conversion_plus,10000000000.0
1318,2036,reg1,Primary_mix,Conversion_plus,10000000000.0
1319,2037,reg1,Primary_mix,Conversion_plus,10000000000.0
1320,2038,reg1,Primary_mix,Conversion_plus,10000000000.0
1321,2039,reg1,Primary_mix,Conversion_plus,10000000000.0
1322,2040,reg1,Primary_mix,Conversion_plus,10000000000.0
1323,2041,reg1,Primary_mix,Conversion_plus,10000000000.0
1324,2042,reg1,Primary_mix,Conversion_plus,10000000000.0
1325,2043,reg1,Primary_mix,Conversion_plus,10000000000.0
1326,2044,reg1,Primary_mix,Conversion_plus,10000000000.0
1327,2045,reg1,Primary_mix,Conversion_plus,10000000000.0
1328,2046,reg1,Primary_mix,Conversion_plus,10000000000.0
1329,2047,reg1,Primary_mix,Conversion_plus,10000000000.0
1330,2048,reg1,Primary_mix,Conversion_plus,10000000000.0
1331,2049,reg1,Primary_mix,Conversion_plus,10000000000.0
1332,2050,reg1,Primary_mix,Conversion_plus,10000000000.0
1333,2020,reg1,Transport_mix,Conversion_plus,10000000000.0
1334,2021,reg1,Transport_mix,Conversion_plus,10000000000.0
1335,2022,reg1,Transport_mix,Conversion_plus,10000000000.0
1336,2023,reg1,Transport_mix,Conversion_plus,10000000000.0
1337,2024,reg1,Transport_mix,Conversion_plus,10000000000.0
1338,2025,reg1,Transport_mix,Conversion_plus,10000000000.0
1339,2026,reg1,Transport_mix,Conversion_plus,10000000000.0
1340,2027,reg1,Transport_mix,Conversion_plus,10000000000.0
1341,2028,reg1,Transport_mix,Conversion_plus,10000000000.0
1342,2029,reg1,Transport_mix,Conversion_plus,10000000000.0
1343,2030,reg1,Transport_mix,Conversion_plus,10000000000.0
1344,2031,reg1,Transport_mix,Conversion_plus,10000000000.0
1345,2032,reg1,Transport_mix,Conversion_plus,10000000000.0
1346,2033,reg1,Transport_mix,Conversion_plus,10000000000.0
1347,2034,reg1,Transport_mix,Conversion_plus,10000000000.0
1348,2035,reg1,Transport_mix,Conversion_plus,10000000000.0
1349,2036,reg1,Transport_mix,Conversion_plus,10000000000.0
1350,2037,reg1,Transport_mix,Conversion_plus,10000000000.0
1351,2038,reg1,Transport_mix,Conversion_plus,10000000000.0
1352,2039,reg1,Transport_mix,Conversion_plus,10000000000.0
1353,2040,reg1,Transport_mix,Conversion_plus,10000000000.0
1354,2041,reg1,Transport_mix,Conversion_plus,10000000000.0
1355,2042,reg1,Transport_mix,Conversion_plus,10000000000.0
1356,2043,reg1,Transport_mix,Conversion_plus,10000000000.0
1357,2044,reg1,Transport_mix,Conversion_plus,10000000000.0
1358,2045,reg1,Transport_mix,Conversion_plus,10000000000.0
1359,2046,reg1,Transport_mix,Conversion_plus,10000000000.0
1360,2047,reg1,Transport_mix,Conversion_plus,10000000000.0
1361,2048,reg1,Transport_mix,Conversion_plus,10000000000.0
1362,2049,reg1,Transport_mix,Conversion_plus,10000000000.0
1363,2050,reg1,Transport_mix,Conversion_plus,10000000000.0
1364,2020,reg1,Cement_CCS,Conversion_plus,0.0
1365,2021,reg1,Cement_CCS,Conversion_plus,0.0
1366,2022,reg1,Cement_CCS,Conversion_plus,0.0
1367,2023,reg1,Cement_CCS,Conversion_plus,0.0
1368,2024,reg1,Cement_CCS,Conversion_plus,0.0
1369,2025,reg1,Cement_CCS,Conversion_plus,0.0
1370,2026,reg1,Cement_CCS,Conversion_plus,0.0
1371,2027,reg1,Cement_CCS,Conversion_plus,0.0
1372,2028,reg1,Cement_CCS,Conversion_plus,0.0
1373,2029,reg1,Cement_CCS,Conversion_plus,0.0
1374,2030,reg1,Cement_CCS,Conversion_plus,0.0
1375,2031,reg1,Cement_CCS,Conversion_plus,0.0
1376,2032,reg1,Cement_CCS,Conversion_plus,0.0
1377,2033,reg1,Cement_CCS,Conversion_plus,0.0
1378,2034,reg1,Cement_CCS,Conversion_plus,0.0
1379,2035,reg1,Cement_CCS,Conversion_plus,0.0
1380,2036,reg1,Cement_CCS,Conversion_plus,0.0
1381,2037,reg1,Cement_CCS,Conversion_plus,0.0
1382,2038,reg1,Cement_CCS,Conversion_plus,0.0
1383,2039,reg1,Cement_CCS,Conversion_plus,0.0
1384,2040,reg1,Cement_CCS,Conversion_plus,0.0
1385,2041,reg1,Cement_CCS,Conversion_plus,0.0
1386,2042,reg1,Cement_CCS,Conversion_plus,0.0
1387,2043,reg1,Cement_CCS,Conversion_plus,0.0
1388,2044,reg1,Cement_CCS,Conversion_plus,0.0
1389,2045,reg1,Cement_CCS,Conversion_plus,0.0
1390,2046,reg1,Cement_CCS,Conversion_plus,0.0
1391,2047,reg1,Cement_CCS,Conversion_plus,0.0
1392,2048,reg1,Cement_CCS,Conversion_plus,0.0
1393,2049,reg1,Cement_CCS,Conversion_plus,0.0
1394,2050,reg1,Cement_CCS,Conversion_plus,0.0
1395,2020,reg1,Cement_woCCS,Conversion_plus,16.5
1396,2021,reg1,Cement_woCCS,Conversion_plus,16.5
1397,2022,reg1,Cement_woCCS,Conversion_plus,16.5
1398,2023,reg1,Cement_woCCS,Conversion_plus,16.5
1399,2024,reg1,Cement_woCCS,Conversion_plus,16.5
1400,2025,reg1,Cement_woCCS,Conversion_plus,16.5
1401,2026,reg1,Cement_woCCS,Conversion_plus,16.5
1402,2027,reg1,Cement_woCCS,Conversion_plus,16.5
1403,2028,reg1,Cement_woCCS,Conversion_plus,16.5
1404,2029,reg1,Cement_woCCS,Conversion_plus,16.5
1405,2030,reg1,Cement_woCCS,Conversion_plus,16.5
1406,2031,reg1,Cement_woCCS,Conversion_plus,16.5
1407,2032,reg1,Cement_woCCS,Conversion_plus,16.5
1408,2033,reg1,Cement_woCCS,Conversion_plus,16.5
1409,2034,reg1,Cement_woCCS,Conversion_plus,16.5
1410,2035,reg1,Cement_woCCS,Conversion_plus,16.5
1411,2036,reg1,Cement_woCCS,Conversion_plus,16.5
1412,2037,reg1,Cement_woCCS,Conversion_plus,16.5
1413,2038,reg1,Cement_woCCS,Conversion_plus,16.5
1414,2039,reg1,Cement_woCCS,Conversion_plus,16.5
1415,2040,reg1,Cement_woCCS,Conversion_plus,16.5
1416,2041,reg1,Cement_woCCS,Conversion_plus,16.5
1417,2042,reg1,Cement_woCCS,Conversion_plus,16.5
1418,2043,reg1,Cement_woCCS,Conversion_plus,16.5
1419,2044,reg1,Cement_woCCS,Conversion_plus,16.5
1420,2045,reg1,Cement_woCCS,Conversion_plus,16.5
1421,2046,reg1,Cement_woCCS,Conversion_plus,16.5
1422,2047,reg1,Cement_woCCS,Conversion_plus,16.5
1423,2048,reg1,Cement_woCCS,Conversion_plus,16.5
1424,2049,reg1,Cement_woCCS,Conversion_plus,16.5
1425,2050,reg1,Cement_woCCS,Conversion_plus,16.5
1426,2020,reg1,Iron_Steel_CCS,Conversion_plus,0.0
1427,2021,reg1,Iron_Steel_CCS,Conversion_plus,0.0
1428,2022,reg1,Iron_Steel_CCS,Conversion_plus,0.0
1429,2023,reg1,Iron_Steel_CCS,Conversion_plus,0.0
1430,2024,reg1,Iron_Steel_CCS,Conversion_plus,0.0
1431,2025,reg1,Iron_Steel_CCS,Conversion_plus,0.0
1432,2026,reg1,Iron_Steel_CCS,Conversion_plus,0.0
1433,2027,reg1,Iron_Steel_CCS,Conversion_plus,0.0
1434,2028,reg1,Iron_Steel_CCS,Conversion_plus,0.0
1435,2029,reg1,Iron_Steel_CCS,Conversion_plus,0.0
1436,2030,reg1,Iron_Steel_CCS,Conversion_plus,0.0
1437,2031,reg1,Iron_Steel_CCS,Conversion_plus,0.0
1438,2032,reg1,Iron_Steel_CCS,Conversion_plus,0.0
1439,2033,reg1,Iron_Steel_CCS,Conversion_plus,0.0
1440,2034,reg1,Iron_Steel_CCS,Conversion_plus,0.0
1441,2035,reg1,Iron_Steel_CCS,Conversion_plus,0.0
1442,2036,reg1,Iron_Steel_CCS,Conversion_plus,0.0
1443,2037,reg1,Iron_Steel_CCS,Conversion_plus,0.0
1444,2038,reg1,Iron_Steel_CCS,Conversion_plus,0.0
1445,2039,reg1,Iron_Steel_CCS,Conversion_plus,0.0
1446,2040,reg1,Iron_Steel_CCS,Conversion_plus,0.0
1447,2041,reg1,Iron_Steel_CCS,Conversion_plus,0.0
1448,2042,reg1,Iron_Steel_CCS,Conversion_plus,0.0
1449,2043,reg1,Iron_Steel_CCS,Conversion_plus,0.0
1450,2044,reg1,Iron_Steel_CCS,Conversion_plus,0.0
1451,2045,reg1,Iron_Steel_CCS,Conversion_plus,0.0
1452,2046,reg1,Iron_Steel_CCS,Conversion_plus,0.0
1453,2047,reg1,Iron_Steel_CCS,Conversion_plus,0.0
1454,2048,reg1,Iron_Steel_CCS,Conversion_plus,0.0
1455,2049,reg1,Iron_Steel_CCS,Conversion_plus,0.0
1456,2050,reg1,Iron_Steel_CCS,Conversion_plus,0.0
1457,2020,reg1,Iron_Steel_woCCS,Conversion_plus,25.0
1458,2021,reg1,Iron_Steel_woCCS,Conversion_plus,25.0
1459,2022,reg1,Iron_Steel_woCCS,Conversion_plus,25.0
1460,2023,reg1,Iron_Steel_woCCS,Conversion_plus,25.0
1461,2024,reg1,Iron_Steel_woCCS,Conversion_plus,25.0
1462,2025,reg1,Iron_Steel_woCCS,Conversion_plus,25.0
1463,2026,reg1,Iron_Steel_woCCS,Conversion_plus,25.0
1464,2027,reg1,Iron_Steel_woCCS,Conversion_plus,25.0
1465,2028,reg1,Iron_Steel_woCCS,Conversion_plus,25.0
1466,2029,reg1,Iron_Steel_woCCS,Conversion_plus,25.0
1467,2030,reg1,Iron_Steel_woCCS,Conversion_plus,25.0
1468,2031,reg1,Iron_Steel_woCCS,Conversion_plus,25.0
1469,2032,reg1,Iron_Steel_woCCS,Conversion_plus,25.0
1470,2033,reg1,Iron_Steel_woCCS,Conversion_plus,25.0
1471,2034,reg1,Iron_Steel_woCCS,Conversion_plus,25.0
1472,2035,reg1,Iron_Steel_woCCS,Conversion_plus,25.0
1473,2036,reg1,Iron_Steel_woCCS,Conversion_plus,25.0
1474,2037,reg1,Iron_Steel_woCCS,Conversion_plus,25.0
1475,2038,reg1,Iron_Steel_woCCS,Conversion_plus,25.0
1476,2039,reg1,Iron_Steel_woCCS,Conversion_plus,25.0
1477,2040,reg1,Iron_Steel_woCCS,Conversion_plus,25.0
1478,2041,reg1,Iron_Steel_woCCS,Conversion_plus,25.0
1479,2042,reg1,Iron_Steel_woCCS,Conversion_plus,25.0
1480,2043,reg1,Iron_Steel_woCCS,Conversion_plus,25.0
1481,2044,reg1,Iron_Steel_woCCS,Conversion_plus,25.0
1482,2045,reg1,Iron_Steel_woCCS,Conversion_plus,25.0
1483,2046,reg1,Iron_Steel_woCCS,Conversion_plus,25.0
1484,2047,reg1,Iron_Steel_woCCS,Conversion_plus,25.0
1485,2048,reg1,Iron_Steel_woCCS,Conversion_plus,25.0
1486,2049,reg1,Iron_Steel_woCCS,Conversion_plus,25.0
1487,2050,reg1,Iron_Steel_woCCS,Conversion_plus,25.0
1488,2020,reg1,Other_Industrial_mix,Conversion_plus,10000000000.0
1489,2021,reg1,Other_Industrial_mix,Conversion_plus,10000000000.0
1490,2022,reg1,Other_Industrial_mix,Conversion_plus,10000000000.0
1491,2023,reg1,Other_Industrial_mix,Conversion_plus,10000000000.0
1492,2024,reg1,Other_Industrial_mix,Conversion_plus,10000000000.0
1493,2025,reg1,Other_Industrial_mix,Conversion_plus,10000000000.0
1494,2026,reg1,Other_Industrial_mix,Conversion_plus,10000000000.0
1495,2027,reg1,Other_Industrial_mix,Conversion_plus,10000000000.0
1496,2028,reg1,Other_Industrial_mix,Conversion_plus,10000000000.0
1497,2029,reg1,Other_Industrial_mix,Conversion_plus,10000000000.0
1498,2030,reg1,Other_Industrial_mix,Conversion_plus,10000000000.0
1499,2031,reg1,Other_Industrial_mix,Conversion_plus,10000000000.0
1500,2032,reg1,Other_Industrial_mix,Conversion_plus,10000000000.0
1501,2033,reg1,Other_Industrial_mix,Conversion_plus,10000000000.0
1502,2034,reg1,Other_Industrial_mix,Conversion_plus,10000000000.0
1503,2035,reg1,Other_Industrial_mix,Conversion_plus,10000000000.0
1504,2036,reg1,Other_Industrial_mix,Conversion_plus,10000000000.0
1505,2037,reg1,Other_Industrial_mix,Conversion_plus,10000000000.0
1506,2038,reg1,Other_Industrial_mix,Conversion_plus,10000000000.0
1507,2039,reg1,Other_Industrial_mix,Conversion_plus,10000000000.0
1508,2040,reg1,Other_Industrial_mix,Conversion_plus,10000000000.0
1509,2041,reg1,Other_Industrial_mix,Conversion_plus,10000000000.0
1510,2042,reg1,Other_Industrial_mix,Conversion_plus,10000000000.0
1511,2043,reg1,Other_Industrial_mix,Conversion_plus,10000000000.0
1512,2044,reg1,Other_Industrial_mix,Conversion_plus,10000000000.0
1513,2045,reg1,Other_Industrial_mix,Conversion_plus,10000000000.0
1514,2046,reg1,Other_Industrial_mix,Conversion_plus,10000000000.0
1515,2047,reg1,Other_Industrial_mix,Conversion_plus,10000000000.0
1516,2048,reg1,Other_Industrial_mix,Conversion_plus,10000000000.0
1517,2049,reg1,Other_Industrial_mix,Conversion_plus,10000000000.0
1518,2050,reg1,Other_Industrial_mix,Conversion_plus,10000000000.0
1519,2020,reg1,Residential_mix,Conversion_plus,10000000000.0
1520,2021,reg1,Residential_mix,Conversion_plus,10000000000.0
1521,2022,reg1,Residential_mix,Conversion_plus,10000000000.0
1522,2023,reg1,Residential_mix,Conversion_plus,10000000000.0
1523,2024,reg1,Residential_mix,Conversion_plus,10000000000.0
1524,2025,reg1,Residential_mix,Conversion_plus,10000000000.0
1525,2026,reg1,Residential_mix,Conversion_plus,10000000000.0
1526,2027,reg1,Residential_mix,Conversion_plus,10000000000.0
1527,2028,reg1,Residential_mix,Conversion_plus,10000000000.0
1528,2029,reg1,Residential_mix,Conversion_plus,10000000000.0
1529,2030,reg1,Residential_mix,Conversion_plus,10000000000.0
1530,2031,reg1,Residential_mix,Conversion_plus,10000000000.0
1531,2032,reg1,Residential_mix,Conversion_plus,10000000000.0
1532,2033,reg1,Residential_mix,Conversion_plus,10000000000.0
1533,2034,reg1,Residential_mix,Conversion_plus,10000000000.0
1534,2035,reg1,Residential_mix,Conversion_plus,10000000000.0
1535,2036,reg1,Residential_mix,Conversion_plus,10000000000.0
1536,2037,reg1,Residential_mix,Conversion_plus,10000000000.0
1537,2038,reg1,Residential_mix,Conversion_plus,10000000000.0
1538,2039,reg1,Residential_mix,Conversion_plus,10000000000.0
1539,2040,reg1,Residential_mix,Conversion_plus,10000000000.0
1540,2041,reg1,Residential_mix,Conversion_plus,10000000000.0
1541,2042,reg1,Residential_mix,Conversion_plus,10000000000.0
1542,2043,reg1,Residential_mix,Conversion_plus,10000000000.0
1543,2044,reg1,Residential_mix,Conversion_plus,10000000000.0
1544,2045,reg1,Residential_mix,Conversion_plus,10000000000.0
1545,2046,reg1,Residential_mix,Conversion_plus,10000000000.0
1546,2047,reg1,Residential_mix,Conversion_plus,10000000000.0
1547,2048,reg1,Residential_mix,Conversion_plus,10000000000.0
1548,2049,reg1,Residential_mix,Conversion_plus,10000000000.0
1549,2050,reg1,Residential_mix,Conversion_plus,10000000000.0
1550,2020,reg1,Services_mix,Conversion_plus,10000000000.0
1551,2021,reg1,Services_mix,Conversion_plus,10000000000.0
1552,2022,reg1,Services_mix,Conversion_plus,10000000000.0
1553,2023,reg1,Services_mix,Conversion_plus,10000000000.0
1554,2024,reg1,Services_mix,Conversion_plus,10000000000.0
1555,2025,reg1,Services_mix,Conversion_plus,10000000000.0
1556,2026,reg1,Services_mix,Conversion_plus,10000000000.0
1557,2027,reg1,Services_mix,Conversion_plus,10000000000.0
1558,2028,reg1,Services_mix,Conversion_plus,10000000000.0
1559,2029,reg1,Services_mix,Conversion_plus,10000000000.0
1560,2030,reg1,Services_mix,Conversion_plus,10000000000.0
1561,2031,reg1,Services_mix,Conversion_plus,10000000000.0
1562,2032,reg1,Services_mix,Conversion_plus,10000000000.0
1563,2033,reg1,Services_mix,Conversion_plus,10000000000.0
1564,2034,reg1,Services_mix,Conversion_plus,10000000000.0
1565,2035,reg1,Services_mix,Conversion_plus,10000000000.0
1566,2036,reg1,Services_mix,Conversion_plus,10000000000.0
1567,2037,reg1,Services_mix,Conversion_plus,10000000000.0
1568,2038,reg1,Services_mix,Conversion_plus,10000000000.0
1569,2039,reg1,Services_mix,Conversion_plus,10000000000.0
1570,2040,reg1,Services_mix,Conversion_plus,10000000000.0
1571,2041,reg1,Services_mix,Conversion_plus,10000000000.0
1572,2042,reg1,Services_mix,Conversion_plus,10000000000.0
1573,2043,reg1,Services_mix,Conversion_plus,10000000000.0
1574,2044,reg1,Services_mix,Conversion_plus,10000000000.0
1575,2045,reg1,Services_mix,Conversion_plus,10000000000.0
1576,2046,reg1,Services_mix,Conversion_plus,10000000000.0
1577,2047,reg1,Services_mix,Conversion_plus,10000000000.0
1578,2048,reg1,Services_mix,Conversion_plus,10000000000.0
1579,2049,reg1,Services_mix,Conversion_plus,10000000000.0
1580,2050,reg1,Services_mix,Conversion_plus,10000000000.0
1581,2020,reg1,Elec_transmission_distribution,Transmission,10000000000.0
1582,2021,reg1,Elec_transmission_distribution,Transmission,10000000000.0
1583,2022,reg1,Elec_transmission_distribution,Transmission,10000000000.0
1584,2023,reg1,Elec_transmission_distribution,Transmission,10000000000.0
1585,2024,reg1,Elec_transmission_distribution,Transmission,10000000000.0
1586,2025,reg1,Elec_transmission_distribution,Transmission,10000000000.0
1587,2026,reg1,Elec_transmission_distribution,Transmission,10000000000.0
1588,2027,reg1,Elec_transmission_distribution,Transmission,10000000000.0
1589,2028,reg1,Elec_transmission_distribution,Transmission,10000000000.0
1590,2029,reg1,Elec_transmission_distribution,Transmission,10000000000.0
1591,2030,reg1,Elec_transmission_distribution,Transmission,10000000000.0
1592,2031,reg1,Elec_transmission_distribution,Transmission,10000000000.0
1593,2032,reg1,Elec_transmission_distribution,Transmission,10000000000.0
1594,2033,reg1,Elec_transmission_distribution,Transmission,10000000000.0
1595,2034,reg1,Elec_transmission_distribution,Transmission,10000000000.0
1596,2035,reg1,Elec_transmission_distribution,Transmission,10000000000.0
1597,2036,reg1,Elec_transmission_distribution,Transmission,10000000000.0
1598,2037,reg1,Elec_transmission_distribution,Transmission,10000000000.0
1599,2038,reg1,Elec_transmission_distribution,Transmission,10000000000.0
1600,2039,reg1,Elec_transmission_distribution,Transmission,10000000000.0
1601,2040,reg1,Elec_transmission_distribution,Transmission,10000000000.0
1602,2041,reg1,Elec_transmission_distribution,Transmission,10000000000.0
1603,2042,reg1,Elec_transmission_distribution,Transmission,10000000000.0
1604,2043,reg1,Elec_transmission_distribution,Transmission,10000000000.0
1605,2044,reg1,Elec_transmission_distribution,Transmission,10000000000.0
1606,2045,reg1,Elec_transmission_distribution,Transmission,10000000000.0
1607,2046,reg1,Elec_transmission_distribution,Transmission,10000000000.0
1608,2047,reg1,Elec_transmission_distribution,Transmission,10000000000.0
1609,2048,reg1,Elec_transmission_distribution,Transmission,10000000000.0
1610,2049,reg1,Elec_transmission_distribution,Transmission,10000000000.0
1611,2050,reg1,Elec_transmission_distribution,Transmission,10000000000.0
