,Datetime,Region,Technology,Emission,Value
0,2020,reg1,Oil_supply,CO2,0.0
1,2021,reg1,Oil_supply,CO2,0.0
2,2022,reg1,Oil_supply,CO2,0.0
3,2023,reg1,Oil_supply,CO2,0.0
4,2024,reg1,Oil_supply,CO2,0.0
5,2025,reg1,Oil_supply,CO2,0.0
6,2026,reg1,Oil_supply,CO2,0.0
7,2027,reg1,Oil_supply,CO2,0.0
8,2028,reg1,Oil_supply,CO2,0.0
9,2029,reg1,Oil_supply,CO2,0.0
10,2030,reg1,Oil_supply,CO2,0.0
11,2031,reg1,Oil_supply,CO2,0.0
12,2032,reg1,Oil_supply,CO2,0.0
13,2033,reg1,Oil_supply,CO2,0.0
14,2034,reg1,Oil_supply,CO2,0.0
15,2035,reg1,Oil_supply,CO2,0.0
16,2036,reg1,Oil_supply,CO2,0.0
17,2037,reg1,Oil_supply,CO2,0.0
18,2038,reg1,Oil_supply,CO2,0.0
19,2039,reg1,Oil_supply,CO2,0.0
20,2040,reg1,Oil_supply,CO2,0.0
21,2041,reg1,Oil_supply,CO2,0.0
22,2042,reg1,Oil_supply,CO2,0.0
23,2043,reg1,Oil_supply,CO2,0.0
24,2044,reg1,Oil_supply,CO2,0.0
25,2045,reg1,Oil_supply,CO2,0.0
26,2046,reg1,Oil_supply,CO2,0.0
27,2047,reg1,Oil_supply,CO2,0.0
28,2048,reg1,Oil_supply,CO2,0.0
29,2049,reg1,Oil_supply,CO2,0.0
30,2050,reg1,Oil_supply,CO2,0.0
31,2020,reg1,NG_supply,CO2,0.0
32,2021,reg1,NG_supply,CO2,0.0
33,2022,reg1,NG_supply,CO2,0.0
34,2023,reg1,NG_supply,CO2,0.0
35,2024,reg1,NG_supply,CO2,0.0
36,2025,reg1,NG_supply,CO2,0.0
37,2026,reg1,NG_supply,CO2,0.0
38,2027,reg1,NG_supply,CO2,0.0
39,2028,reg1,NG_supply,CO2,0.0
40,2029,reg1,NG_supply,CO2,0.0
41,2030,reg1,NG_supply,CO2,0.0
42,2031,reg1,NG_supply,CO2,0.0
43,2032,reg1,NG_supply,CO2,0.0
44,2033,reg1,NG_supply,CO2,0.0
45,2034,reg1,NG_supply,CO2,0.0
46,2035,reg1,NG_supply,CO2,0.0
47,2036,reg1,NG_supply,CO2,0.0
48,2037,reg1,NG_supply,CO2,0.0
49,2038,reg1,NG_supply,CO2,0.0
50,2039,reg1,NG_supply,CO2,0.0
51,2040,reg1,NG_supply,CO2,0.0
52,2041,reg1,NG_supply,CO2,0.0
53,2042,reg1,NG_supply,CO2,0.0
54,2043,reg1,NG_supply,CO2,0.0
55,2044,reg1,NG_supply,CO2,0.0
56,2045,reg1,NG_supply,CO2,0.0
57,2046,reg1,NG_supply,CO2,0.0
58,2047,reg1,NG_supply,CO2,0.0
59,2048,reg1,NG_supply,CO2,0.0
60,2049,reg1,NG_supply,CO2,0.0
61,2050,reg1,NG_supply,CO2,0.0
62,2020,reg1,SFF_supply,CO2,0.0
63,2021,reg1,SFF_supply,CO2,0.0
64,2022,reg1,SFF_supply,CO2,0.0
65,2023,reg1,SFF_supply,CO2,0.0
66,2024,reg1,SFF_supply,CO2,0.0
67,2025,reg1,SFF_supply,CO2,0.0
68,2026,reg1,SFF_supply,CO2,0.0
69,2027,reg1,SFF_supply,CO2,0.0
70,2028,reg1,SFF_supply,CO2,0.0
71,2029,reg1,SFF_supply,CO2,0.0
72,2030,reg1,SFF_supply,CO2,0.0
73,2031,reg1,SFF_supply,CO2,0.0
74,2032,reg1,SFF_supply,CO2,0.0
75,2033,reg1,SFF_supply,CO2,0.0
76,2034,reg1,SFF_supply,CO2,0.0
77,2035,reg1,SFF_supply,CO2,0.0
78,2036,reg1,SFF_supply,CO2,0.0
79,2037,reg1,SFF_supply,CO2,0.0
80,2038,reg1,SFF_supply,CO2,0.0
81,2039,reg1,SFF_supply,CO2,0.0
82,2040,reg1,SFF_supply,CO2,0.0
83,2041,reg1,SFF_supply,CO2,0.0
84,2042,reg1,SFF_supply,CO2,0.0
85,2043,reg1,SFF_supply,CO2,0.0
86,2044,reg1,SFF_supply,CO2,0.0
87,2045,reg1,SFF_supply,CO2,0.0
88,2046,reg1,SFF_supply,CO2,0.0
89,2047,reg1,SFF_supply,CO2,0.0
90,2048,reg1,SFF_supply,CO2,0.0
91,2049,reg1,SFF_supply,CO2,0.0
92,2050,reg1,SFF_supply,CO2,0.0
93,2020,reg1,OP_supply,CO2,0.0
94,2021,reg1,OP_supply,CO2,0.0
95,2022,reg1,OP_supply,CO2,0.0
96,2023,reg1,OP_supply,CO2,0.0
97,2024,reg1,OP_supply,CO2,0.0
98,2025,reg1,OP_supply,CO2,0.0
99,2026,reg1,OP_supply,CO2,0.0
100,2027,reg1,OP_supply,CO2,0.0
101,2028,reg1,OP_supply,CO2,0.0
102,2029,reg1,OP_supply,CO2,0.0
103,2030,reg1,OP_supply,CO2,0.0
104,2031,reg1,OP_supply,CO2,0.0
105,2032,reg1,OP_supply,CO2,0.0
106,2033,reg1,OP_supply,CO2,0.0
107,2034,reg1,OP_supply,CO2,0.0
108,2035,reg1,OP_supply,CO2,0.0
109,2036,reg1,OP_supply,CO2,0.0
110,2037,reg1,OP_supply,CO2,0.0
111,2038,reg1,OP_supply,CO2,0.0
112,2039,reg1,OP_supply,CO2,0.0
113,2040,reg1,OP_supply,CO2,0.0
114,2041,reg1,OP_supply,CO2,0.0
115,2042,reg1,OP_supply,CO2,0.0
116,2043,reg1,OP_supply,CO2,0.0
117,2044,reg1,OP_supply,CO2,0.0
118,2045,reg1,OP_supply,CO2,0.0
119,2046,reg1,OP_supply,CO2,0.0
120,2047,reg1,OP_supply,CO2,0.0
121,2048,reg1,OP_supply,CO2,0.0
122,2049,reg1,OP_supply,CO2,0.0
123,2050,reg1,OP_supply,CO2,0.0
124,2020,reg1,BW_supply,CO2,0.0
125,2021,reg1,BW_supply,CO2,0.0
126,2022,reg1,BW_supply,CO2,0.0
127,2023,reg1,BW_supply,CO2,0.0
128,2024,reg1,BW_supply,CO2,0.0
129,2025,reg1,BW_supply,CO2,0.0
130,2026,reg1,BW_supply,CO2,0.0
131,2027,reg1,BW_supply,CO2,0.0
132,2028,reg1,BW_supply,CO2,0.0
133,2029,reg1,BW_supply,CO2,0.0
134,2030,reg1,BW_supply,CO2,0.0
135,2031,reg1,BW_supply,CO2,0.0
136,2032,reg1,BW_supply,CO2,0.0
137,2033,reg1,BW_supply,CO2,0.0
138,2034,reg1,BW_supply,CO2,0.0
139,2035,reg1,BW_supply,CO2,0.0
140,2036,reg1,BW_supply,CO2,0.0
141,2037,reg1,BW_supply,CO2,0.0
142,2038,reg1,BW_supply,CO2,0.0
143,2039,reg1,BW_supply,CO2,0.0
144,2040,reg1,BW_supply,CO2,0.0
145,2041,reg1,BW_supply,CO2,0.0
146,2042,reg1,BW_supply,CO2,0.0
147,2043,reg1,BW_supply,CO2,0.0
148,2044,reg1,BW_supply,CO2,0.0
149,2045,reg1,BW_supply,CO2,0.0
150,2046,reg1,BW_supply,CO2,0.0
151,2047,reg1,BW_supply,CO2,0.0
152,2048,reg1,BW_supply,CO2,0.0
153,2049,reg1,BW_supply,CO2,0.0
154,2050,reg1,BW_supply,CO2,0.0
155,2020,reg1,Bio_oil_supply,CO2,0.0
156,2021,reg1,Bio_oil_supply,CO2,0.0
157,2022,reg1,Bio_oil_supply,CO2,0.0
158,2023,reg1,Bio_oil_supply,CO2,0.0
159,2024,reg1,Bio_oil_supply,CO2,0.0
160,2025,reg1,Bio_oil_supply,CO2,0.0
161,2026,reg1,Bio_oil_supply,CO2,0.0
162,2027,reg1,Bio_oil_supply,CO2,0.0
163,2028,reg1,Bio_oil_supply,CO2,0.0
164,2029,reg1,Bio_oil_supply,CO2,0.0
165,2030,reg1,Bio_oil_supply,CO2,0.0
166,2031,reg1,Bio_oil_supply,CO2,0.0
167,2032,reg1,Bio_oil_supply,CO2,0.0
168,2033,reg1,Bio_oil_supply,CO2,0.0
169,2034,reg1,Bio_oil_supply,CO2,0.0
170,2035,reg1,Bio_oil_supply,CO2,0.0
171,2036,reg1,Bio_oil_supply,CO2,0.0
172,2037,reg1,Bio_oil_supply,CO2,0.0
173,2038,reg1,Bio_oil_supply,CO2,0.0
174,2039,reg1,Bio_oil_supply,CO2,0.0
175,2040,reg1,Bio_oil_supply,CO2,0.0
176,2041,reg1,Bio_oil_supply,CO2,0.0
177,2042,reg1,Bio_oil_supply,CO2,0.0
178,2043,reg1,Bio_oil_supply,CO2,0.0
179,2044,reg1,Bio_oil_supply,CO2,0.0
180,2045,reg1,Bio_oil_supply,CO2,0.0
181,2046,reg1,Bio_oil_supply,CO2,0.0
182,2047,reg1,Bio_oil_supply,CO2,0.0
183,2048,reg1,Bio_oil_supply,CO2,0.0
184,2049,reg1,Bio_oil_supply,CO2,0.0
185,2050,reg1,Bio_oil_supply,CO2,0.0
186,2020,reg1,UO2_SMR_supply ,CO2,0.0
187,2021,reg1,UO2_SMR_supply ,CO2,0.0
188,2022,reg1,UO2_SMR_supply ,CO2,0.0
189,2023,reg1,UO2_SMR_supply ,CO2,0.0
190,2024,reg1,UO2_SMR_supply ,CO2,0.0
191,2025,reg1,UO2_SMR_supply ,CO2,0.0
192,2026,reg1,UO2_SMR_supply ,CO2,0.0
193,2027,reg1,UO2_SMR_supply ,CO2,0.0
194,2028,reg1,UO2_SMR_supply ,CO2,0.0
195,2029,reg1,UO2_SMR_supply ,CO2,0.0
196,2030,reg1,UO2_SMR_supply ,CO2,0.0
197,2031,reg1,UO2_SMR_supply ,CO2,0.0
198,2032,reg1,UO2_SMR_supply ,CO2,0.0
199,2033,reg1,UO2_SMR_supply ,CO2,0.0
200,2034,reg1,UO2_SMR_supply ,CO2,0.0
201,2035,reg1,UO2_SMR_supply ,CO2,0.0
202,2036,reg1,UO2_SMR_supply ,CO2,0.0
203,2037,reg1,UO2_SMR_supply ,CO2,0.0
204,2038,reg1,UO2_SMR_supply ,CO2,0.0
205,2039,reg1,UO2_SMR_supply ,CO2,0.0
206,2040,reg1,UO2_SMR_supply ,CO2,0.0
207,2041,reg1,UO2_SMR_supply ,CO2,0.0
208,2042,reg1,UO2_SMR_supply ,CO2,0.0
209,2043,reg1,UO2_SMR_supply ,CO2,0.0
210,2044,reg1,UO2_SMR_supply ,CO2,0.0
211,2045,reg1,UO2_SMR_supply ,CO2,0.0
212,2046,reg1,UO2_SMR_supply ,CO2,0.0
213,2047,reg1,UO2_SMR_supply ,CO2,0.0
214,2048,reg1,UO2_SMR_supply ,CO2,0.0
215,2049,reg1,UO2_SMR_supply ,CO2,0.0
216,2050,reg1,UO2_SMR_supply ,CO2,0.0
217,2020,reg1,MOX_AMR_supply ,CO2,0.0
218,2021,reg1,MOX_AMR_supply ,CO2,0.0
219,2022,reg1,MOX_AMR_supply ,CO2,0.0
220,2023,reg1,MOX_AMR_supply ,CO2,0.0
221,2024,reg1,MOX_AMR_supply ,CO2,0.0
222,2025,reg1,MOX_AMR_supply ,CO2,0.0
223,2026,reg1,MOX_AMR_supply ,CO2,0.0
224,2027,reg1,MOX_AMR_supply ,CO2,0.0
225,2028,reg1,MOX_AMR_supply ,CO2,0.0
226,2029,reg1,MOX_AMR_supply ,CO2,0.0
227,2030,reg1,MOX_AMR_supply ,CO2,0.0
228,2031,reg1,MOX_AMR_supply ,CO2,0.0
229,2032,reg1,MOX_AMR_supply ,CO2,0.0
230,2033,reg1,MOX_AMR_supply ,CO2,0.0
231,2034,reg1,MOX_AMR_supply ,CO2,0.0
232,2035,reg1,MOX_AMR_supply ,CO2,0.0
233,2036,reg1,MOX_AMR_supply ,CO2,0.0
234,2037,reg1,MOX_AMR_supply ,CO2,0.0
235,2038,reg1,MOX_AMR_supply ,CO2,0.0
236,2039,reg1,MOX_AMR_supply ,CO2,0.0
237,2040,reg1,MOX_AMR_supply ,CO2,0.0
238,2041,reg1,MOX_AMR_supply ,CO2,0.0
239,2042,reg1,MOX_AMR_supply ,CO2,0.0
240,2043,reg1,MOX_AMR_supply ,CO2,0.0
241,2044,reg1,MOX_AMR_supply ,CO2,0.0
242,2045,reg1,MOX_AMR_supply ,CO2,0.0
243,2046,reg1,MOX_AMR_supply ,CO2,0.0
244,2047,reg1,MOX_AMR_supply ,CO2,0.0
245,2048,reg1,MOX_AMR_supply ,CO2,0.0
246,2049,reg1,MOX_AMR_supply ,CO2,0.0
247,2050,reg1,MOX_AMR_supply ,CO2,0.0
248,2020,reg1,UO2_G3+_supply ,CO2,0.0
249,2021,reg1,UO2_G3+_supply ,CO2,0.0
250,2022,reg1,UO2_G3+_supply ,CO2,0.0
251,2023,reg1,UO2_G3+_supply ,CO2,0.0
252,2024,reg1,UO2_G3+_supply ,CO2,0.0
253,2025,reg1,UO2_G3+_supply ,CO2,0.0
254,2026,reg1,UO2_G3+_supply ,CO2,0.0
255,2027,reg1,UO2_G3+_supply ,CO2,0.0
256,2028,reg1,UO2_G3+_supply ,CO2,0.0
257,2029,reg1,UO2_G3+_supply ,CO2,0.0
258,2030,reg1,UO2_G3+_supply ,CO2,0.0
259,2031,reg1,UO2_G3+_supply ,CO2,0.0
260,2032,reg1,UO2_G3+_supply ,CO2,0.0
261,2033,reg1,UO2_G3+_supply ,CO2,0.0
262,2034,reg1,UO2_G3+_supply ,CO2,0.0
263,2035,reg1,UO2_G3+_supply ,CO2,0.0
264,2036,reg1,UO2_G3+_supply ,CO2,0.0
265,2037,reg1,UO2_G3+_supply ,CO2,0.0
266,2038,reg1,UO2_G3+_supply ,CO2,0.0
267,2039,reg1,UO2_G3+_supply ,CO2,0.0
268,2040,reg1,UO2_G3+_supply ,CO2,0.0
269,2041,reg1,UO2_G3+_supply ,CO2,0.0
270,2042,reg1,UO2_G3+_supply ,CO2,0.0
271,2043,reg1,UO2_G3+_supply ,CO2,0.0
272,2044,reg1,UO2_G3+_supply ,CO2,0.0
273,2045,reg1,UO2_G3+_supply ,CO2,0.0
274,2046,reg1,UO2_G3+_supply ,CO2,0.0
275,2047,reg1,UO2_G3+_supply ,CO2,0.0
276,2048,reg1,UO2_G3+_supply ,CO2,0.0
277,2049,reg1,UO2_G3+_supply ,CO2,0.0
278,2050,reg1,UO2_G3+_supply ,CO2,0.0
279,2020,reg1,Geo_PP,CO2,882281.7959999995
280,2021,reg1,Geo_PP,CO2,882281.7960000003
281,2022,reg1,Geo_PP,CO2,882281.7960000008
282,2023,reg1,Geo_PP,CO2,882281.7960000003
283,2024,reg1,Geo_PP,CO2,882281.7960000001
284,2025,reg1,Geo_PP,CO2,882281.7960000006
285,2026,reg1,Geo_PP,CO2,882281.7960000006
286,2027,reg1,Geo_PP,CO2,882281.7960000008
287,2028,reg1,Geo_PP,CO2,882281.7960000006
288,2029,reg1,Geo_PP,CO2,882281.7960000008
289,2030,reg1,Geo_PP,CO2,882281.7960000001
290,2031,reg1,Geo_PP,CO2,882281.7960000008
291,2032,reg1,Geo_PP,CO2,882281.7960000006
292,2033,reg1,Geo_PP,CO2,882281.796
293,2034,reg1,Geo_PP,CO2,882281.7960000001
294,2035,reg1,Geo_PP,CO2,882281.7959999999
295,2036,reg1,Geo_PP,CO2,882281.7960000001
296,2037,reg1,Geo_PP,CO2,882281.7960000001
297,2038,reg1,Geo_PP,CO2,882281.796
298,2039,reg1,Geo_PP,CO2,882281.796
299,2040,reg1,Geo_PP,CO2,882281.7960000003
300,2041,reg1,Geo_PP,CO2,882281.7960000006
301,2042,reg1,Geo_PP,CO2,882281.7960000006
302,2043,reg1,Geo_PP,CO2,882281.7960000006
303,2044,reg1,Geo_PP,CO2,882281.7960000006
304,2045,reg1,Geo_PP,CO2,882281.7960000006
305,2046,reg1,Geo_PP,CO2,882281.7960000006
306,2047,reg1,Geo_PP,CO2,882281.7960000006
307,2048,reg1,Geo_PP,CO2,882281.7960000006
308,2049,reg1,Geo_PP,CO2,882281.7960000001
309,2050,reg1,Geo_PP,CO2,882281.7960000001
310,2020,reg1,Solar_PV_PP,CO2,0.0
311,2021,reg1,Solar_PV_PP,CO2,0.0
312,2022,reg1,Solar_PV_PP,CO2,0.0
313,2023,reg1,Solar_PV_PP,CO2,0.0
314,2024,reg1,Solar_PV_PP,CO2,0.0
315,2025,reg1,Solar_PV_PP,CO2,0.0
316,2026,reg1,Solar_PV_PP,CO2,0.0
317,2027,reg1,Solar_PV_PP,CO2,0.0
318,2028,reg1,Solar_PV_PP,CO2,0.0
319,2029,reg1,Solar_PV_PP,CO2,0.0
320,2030,reg1,Solar_PV_PP,CO2,0.0
321,2031,reg1,Solar_PV_PP,CO2,0.0
322,2032,reg1,Solar_PV_PP,CO2,0.0
323,2033,reg1,Solar_PV_PP,CO2,0.0
324,2034,reg1,Solar_PV_PP,CO2,0.0
325,2035,reg1,Solar_PV_PP,CO2,0.0
326,2036,reg1,Solar_PV_PP,CO2,0.0
327,2037,reg1,Solar_PV_PP,CO2,0.0
328,2038,reg1,Solar_PV_PP,CO2,0.0
329,2039,reg1,Solar_PV_PP,CO2,0.0
330,2040,reg1,Solar_PV_PP,CO2,0.0
331,2041,reg1,Solar_PV_PP,CO2,0.0
332,2042,reg1,Solar_PV_PP,CO2,0.0
333,2043,reg1,Solar_PV_PP,CO2,0.0
334,2044,reg1,Solar_PV_PP,CO2,0.0
335,2045,reg1,Solar_PV_PP,CO2,0.0
336,2046,reg1,Solar_PV_PP,CO2,0.0
337,2047,reg1,Solar_PV_PP,CO2,0.0
338,2048,reg1,Solar_PV_PP,CO2,0.0
339,2049,reg1,Solar_PV_PP,CO2,0.0
340,2050,reg1,Solar_PV_PP,CO2,0.0
341,2020,reg1,Wind_PP,CO2,0.0
342,2021,reg1,Wind_PP,CO2,0.0
343,2022,reg1,Wind_PP,CO2,0.0
344,2023,reg1,Wind_PP,CO2,0.0
345,2024,reg1,Wind_PP,CO2,0.0
346,2025,reg1,Wind_PP,CO2,0.0
347,2026,reg1,Wind_PP,CO2,0.0
348,2027,reg1,Wind_PP,CO2,0.0
349,2028,reg1,Wind_PP,CO2,0.0
350,2029,reg1,Wind_PP,CO2,0.0
351,2030,reg1,Wind_PP,CO2,0.0
352,2031,reg1,Wind_PP,CO2,0.0
353,2032,reg1,Wind_PP,CO2,0.0
354,2033,reg1,Wind_PP,CO2,0.0
355,2034,reg1,Wind_PP,CO2,0.0
356,2035,reg1,Wind_PP,CO2,0.0
357,2036,reg1,Wind_PP,CO2,0.0
358,2037,reg1,Wind_PP,CO2,0.0
359,2038,reg1,Wind_PP,CO2,0.0
360,2039,reg1,Wind_PP,CO2,0.0
361,2040,reg1,Wind_PP,CO2,0.0
362,2041,reg1,Wind_PP,CO2,0.0
363,2042,reg1,Wind_PP,CO2,0.0
364,2043,reg1,Wind_PP,CO2,0.0
365,2044,reg1,Wind_PP,CO2,0.0
366,2045,reg1,Wind_PP,CO2,0.0
367,2046,reg1,Wind_PP,CO2,0.0
368,2047,reg1,Wind_PP,CO2,0.0
369,2048,reg1,Wind_PP,CO2,0.0
370,2049,reg1,Wind_PP,CO2,0.0
371,2050,reg1,Wind_PP,CO2,0.0
372,2020,reg1,Hydro_PP,CO2,0.0
373,2021,reg1,Hydro_PP,CO2,0.0
374,2022,reg1,Hydro_PP,CO2,0.0
375,2023,reg1,Hydro_PP,CO2,0.0
376,2024,reg1,Hydro_PP,CO2,0.0
377,2025,reg1,Hydro_PP,CO2,0.0
378,2026,reg1,Hydro_PP,CO2,0.0
379,2027,reg1,Hydro_PP,CO2,0.0
380,2028,reg1,Hydro_PP,CO2,0.0
381,2029,reg1,Hydro_PP,CO2,0.0
382,2030,reg1,Hydro_PP,CO2,0.0
383,2031,reg1,Hydro_PP,CO2,0.0
384,2032,reg1,Hydro_PP,CO2,0.0
385,2033,reg1,Hydro_PP,CO2,0.0
386,2034,reg1,Hydro_PP,CO2,0.0
387,2035,reg1,Hydro_PP,CO2,0.0
388,2036,reg1,Hydro_PP,CO2,0.0
389,2037,reg1,Hydro_PP,CO2,0.0
390,2038,reg1,Hydro_PP,CO2,0.0
391,2039,reg1,Hydro_PP,CO2,0.0
392,2040,reg1,Hydro_PP,CO2,0.0
393,2041,reg1,Hydro_PP,CO2,0.0
394,2042,reg1,Hydro_PP,CO2,0.0
395,2043,reg1,Hydro_PP,CO2,0.0
396,2044,reg1,Hydro_PP,CO2,0.0
397,2045,reg1,Hydro_PP,CO2,0.0
398,2046,reg1,Hydro_PP,CO2,0.0
399,2047,reg1,Hydro_PP,CO2,0.0
400,2048,reg1,Hydro_PP,CO2,0.0
401,2049,reg1,Hydro_PP,CO2,0.0
402,2050,reg1,Hydro_PP,CO2,0.0
403,2020,reg1,Pump_hydro_PP,CO2,0.0
404,2021,reg1,Pump_hydro_PP,CO2,0.0
405,2022,reg1,Pump_hydro_PP,CO2,0.0
406,2023,reg1,Pump_hydro_PP,CO2,0.0
407,2024,reg1,Pump_hydro_PP,CO2,0.0
408,2025,reg1,Pump_hydro_PP,CO2,0.0
409,2026,reg1,Pump_hydro_PP,CO2,0.0
410,2027,reg1,Pump_hydro_PP,CO2,0.0
411,2028,reg1,Pump_hydro_PP,CO2,0.0
412,2029,reg1,Pump_hydro_PP,CO2,0.0
413,2030,reg1,Pump_hydro_PP,CO2,0.0
414,2031,reg1,Pump_hydro_PP,CO2,0.0
415,2032,reg1,Pump_hydro_PP,CO2,0.0
416,2033,reg1,Pump_hydro_PP,CO2,0.0
417,2034,reg1,Pump_hydro_PP,CO2,0.0
418,2035,reg1,Pump_hydro_PP,CO2,0.0
419,2036,reg1,Pump_hydro_PP,CO2,0.0
420,2037,reg1,Pump_hydro_PP,CO2,0.0
421,2038,reg1,Pump_hydro_PP,CO2,0.0
422,2039,reg1,Pump_hydro_PP,CO2,0.0
423,2040,reg1,Pump_hydro_PP,CO2,0.0
424,2041,reg1,Pump_hydro_PP,CO2,0.0
425,2042,reg1,Pump_hydro_PP,CO2,0.0
426,2043,reg1,Pump_hydro_PP,CO2,0.0
427,2044,reg1,Pump_hydro_PP,CO2,0.0
428,2045,reg1,Pump_hydro_PP,CO2,0.0
429,2046,reg1,Pump_hydro_PP,CO2,0.0
430,2047,reg1,Pump_hydro_PP,CO2,0.0
431,2048,reg1,Pump_hydro_PP,CO2,0.0
432,2049,reg1,Pump_hydro_PP,CO2,0.0
433,2050,reg1,Pump_hydro_PP,CO2,0.0
434,2020,reg1,Electricity_imports,CO2,0.0
435,2021,reg1,Electricity_imports,CO2,0.0
436,2022,reg1,Electricity_imports,CO2,0.0
437,2023,reg1,Electricity_imports,CO2,0.0
438,2024,reg1,Electricity_imports,CO2,0.0
439,2025,reg1,Electricity_imports,CO2,0.0
440,2026,reg1,Electricity_imports,CO2,0.0
441,2027,reg1,Electricity_imports,CO2,0.0
442,2028,reg1,Electricity_imports,CO2,0.0
443,2029,reg1,Electricity_imports,CO2,0.0
444,2030,reg1,Electricity_imports,CO2,0.0
445,2031,reg1,Electricity_imports,CO2,0.0
446,2032,reg1,Electricity_imports,CO2,0.0
447,2033,reg1,Electricity_imports,CO2,0.0
448,2034,reg1,Electricity_imports,CO2,0.0
449,2035,reg1,Electricity_imports,CO2,0.0
450,2036,reg1,Electricity_imports,CO2,0.0
451,2037,reg1,Electricity_imports,CO2,0.0
452,2038,reg1,Electricity_imports,CO2,0.0
453,2039,reg1,Electricity_imports,CO2,0.0
454,2040,reg1,Electricity_imports,CO2,0.0
455,2041,reg1,Electricity_imports,CO2,0.0
456,2042,reg1,Electricity_imports,CO2,0.0
457,2043,reg1,Electricity_imports,CO2,0.0
458,2044,reg1,Electricity_imports,CO2,0.0
459,2045,reg1,Electricity_imports,CO2,0.0
460,2046,reg1,Electricity_imports,CO2,0.0
461,2047,reg1,Electricity_imports,CO2,0.0
462,2048,reg1,Electricity_imports,CO2,0.0
463,2049,reg1,Electricity_imports,CO2,0.0
464,2050,reg1,Electricity_imports,CO2,0.0
465,2020,reg1,Geo_HP,CO2,0.0
466,2021,reg1,Geo_HP,CO2,0.0
467,2022,reg1,Geo_HP,CO2,0.0
468,2023,reg1,Geo_HP,CO2,0.0
469,2024,reg1,Geo_HP,CO2,0.0
470,2025,reg1,Geo_HP,CO2,0.0
471,2026,reg1,Geo_HP,CO2,0.0
472,2027,reg1,Geo_HP,CO2,0.0
473,2028,reg1,Geo_HP,CO2,0.0
474,2029,reg1,Geo_HP,CO2,0.0
475,2030,reg1,Geo_HP,CO2,0.0
476,2031,reg1,Geo_HP,CO2,0.0
477,2032,reg1,Geo_HP,CO2,0.0
478,2033,reg1,Geo_HP,CO2,0.0
479,2034,reg1,Geo_HP,CO2,0.0
480,2035,reg1,Geo_HP,CO2,0.0
481,2036,reg1,Geo_HP,CO2,0.0
482,2037,reg1,Geo_HP,CO2,0.0
483,2038,reg1,Geo_HP,CO2,0.0
484,2039,reg1,Geo_HP,CO2,0.0
485,2040,reg1,Geo_HP,CO2,0.0
486,2041,reg1,Geo_HP,CO2,0.0
487,2042,reg1,Geo_HP,CO2,0.0
488,2043,reg1,Geo_HP,CO2,0.0
489,2044,reg1,Geo_HP,CO2,0.0
490,2045,reg1,Geo_HP,CO2,0.0
491,2046,reg1,Geo_HP,CO2,0.0
492,2047,reg1,Geo_HP,CO2,0.0
493,2048,reg1,Geo_HP,CO2,0.0
494,2049,reg1,Geo_HP,CO2,0.0
495,2050,reg1,Geo_HP,CO2,0.0
496,2020,reg1,SMR,CO2,0.0
497,2021,reg1,SMR,CO2,1115686.914426143
498,2022,reg1,SMR,CO2,1229788.8949252458
499,2023,reg1,SMR,CO2,1344270.830803076
500,2024,reg1,SMR,CO2,1458165.352052936
501,2025,reg1,SMR,CO2,1570508.0958721978
502,2026,reg1,SMR,CO2,1696977.9511776513
503,2027,reg1,SMR,CO2,1813666.010075456
504,2028,reg1,SMR,CO2,1920745.3235839063
505,2029,reg1,SMR,CO2,2018388.7191341307
506,2030,reg1,SMR,CO2,2465331.3818647894
507,2031,reg1,SMR,CO2,2671032.136196609
508,2032,reg1,SMR,CO2,2960094.825555304
509,2033,reg1,SMR,CO2,3359974.5038155112
510,2034,reg1,SMR,CO2,3826830.664810203
511,2035,reg1,SMR,CO2,4433633.159680017
512,2036,reg1,SMR,CO2,5213761.671243817
513,2037,reg1,SMR,CO2,5703894.856208991
514,2038,reg1,SMR,CO2,6244349.835890837
515,2039,reg1,SMR,CO2,6733262.5713109635
516,2040,reg1,SMR,CO2,7241903.363296267
517,2041,reg1,SMR,CO2,7663485.065056172
518,2042,reg1,SMR,CO2,8092813.764990086
519,2043,reg1,SMR,CO2,8546720.945015855
520,2044,reg1,SMR,CO2,9033172.977179924
521,2045,reg1,SMR,CO2,9448005.892652676
522,2046,reg1,SMR,CO2,9636230.31754647
523,2047,reg1,SMR,CO2,9861823.772678962
524,2048,reg1,SMR,CO2,10124548.747621814
525,2049,reg1,SMR,CO2,10424559.766078226
526,2050,reg1,SMR,CO2,10762640.775377566
527,2020,reg1,SMR_CCS,CO2,0.0
528,2021,reg1,SMR_CCS,CO2,0.0
529,2022,reg1,SMR_CCS,CO2,0.0
530,2023,reg1,SMR_CCS,CO2,0.0
531,2024,reg1,SMR_CCS,CO2,0.0
532,2025,reg1,SMR_CCS,CO2,0.0
533,2026,reg1,SMR_CCS,CO2,0.0
534,2027,reg1,SMR_CCS,CO2,0.0
535,2028,reg1,SMR_CCS,CO2,0.0
536,2029,reg1,SMR_CCS,CO2,0.0
537,2030,reg1,SMR_CCS,CO2,0.0
538,2031,reg1,SMR_CCS,CO2,0.0
539,2032,reg1,SMR_CCS,CO2,0.0
540,2033,reg1,SMR_CCS,CO2,0.0
541,2034,reg1,SMR_CCS,CO2,0.0
542,2035,reg1,SMR_CCS,CO2,0.0
543,2036,reg1,SMR_CCS,CO2,0.0
544,2037,reg1,SMR_CCS,CO2,0.0
545,2038,reg1,SMR_CCS,CO2,0.0
546,2039,reg1,SMR_CCS,CO2,0.0
547,2040,reg1,SMR_CCS,CO2,0.0
548,2041,reg1,SMR_CCS,CO2,0.0
549,2042,reg1,SMR_CCS,CO2,0.0
550,2043,reg1,SMR_CCS,CO2,0.0
551,2044,reg1,SMR_CCS,CO2,0.0
552,2045,reg1,SMR_CCS,CO2,0.0
553,2046,reg1,SMR_CCS,CO2,0.0
554,2047,reg1,SMR_CCS,CO2,0.0
555,2048,reg1,SMR_CCS,CO2,0.0
556,2049,reg1,SMR_CCS,CO2,0.0
557,2050,reg1,SMR_CCS,CO2,0.0
558,2020,reg1,Methane_pyrolysis,CO2,0.0
559,2021,reg1,Methane_pyrolysis,CO2,0.0
560,2022,reg1,Methane_pyrolysis,CO2,0.0
561,2023,reg1,Methane_pyrolysis,CO2,0.0
562,2024,reg1,Methane_pyrolysis,CO2,0.0
563,2025,reg1,Methane_pyrolysis,CO2,0.0
564,2026,reg1,Methane_pyrolysis,CO2,0.0
565,2027,reg1,Methane_pyrolysis,CO2,0.0
566,2028,reg1,Methane_pyrolysis,CO2,0.0
567,2029,reg1,Methane_pyrolysis,CO2,0.0
568,2030,reg1,Methane_pyrolysis,CO2,0.0
569,2031,reg1,Methane_pyrolysis,CO2,0.0
570,2032,reg1,Methane_pyrolysis,CO2,0.0
571,2033,reg1,Methane_pyrolysis,CO2,0.0
572,2034,reg1,Methane_pyrolysis,CO2,0.0
573,2035,reg1,Methane_pyrolysis,CO2,0.0
574,2036,reg1,Methane_pyrolysis,CO2,0.0
575,2037,reg1,Methane_pyrolysis,CO2,0.0
576,2038,reg1,Methane_pyrolysis,CO2,0.0
577,2039,reg1,Methane_pyrolysis,CO2,0.0
578,2040,reg1,Methane_pyrolysis,CO2,0.0
579,2041,reg1,Methane_pyrolysis,CO2,0.0
580,2042,reg1,Methane_pyrolysis,CO2,0.0
581,2043,reg1,Methane_pyrolysis,CO2,0.0
582,2044,reg1,Methane_pyrolysis,CO2,0.0
583,2045,reg1,Methane_pyrolysis,CO2,0.0
584,2046,reg1,Methane_pyrolysis,CO2,0.0
585,2047,reg1,Methane_pyrolysis,CO2,0.0
586,2048,reg1,Methane_pyrolysis,CO2,0.0
587,2049,reg1,Methane_pyrolysis,CO2,0.0
588,2050,reg1,Methane_pyrolysis,CO2,0.0
589,2020,reg1,Electrolysis,CO2,0.0
590,2021,reg1,Electrolysis,CO2,0.0
591,2022,reg1,Electrolysis,CO2,0.0
592,2023,reg1,Electrolysis,CO2,0.0
593,2024,reg1,Electrolysis,CO2,0.0
594,2025,reg1,Electrolysis,CO2,0.0
595,2026,reg1,Electrolysis,CO2,0.0
596,2027,reg1,Electrolysis,CO2,0.0
597,2028,reg1,Electrolysis,CO2,0.0
598,2029,reg1,Electrolysis,CO2,0.0
599,2030,reg1,Electrolysis,CO2,0.0
600,2031,reg1,Electrolysis,CO2,0.0
601,2032,reg1,Electrolysis,CO2,0.0
602,2033,reg1,Electrolysis,CO2,0.0
603,2034,reg1,Electrolysis,CO2,0.0
604,2035,reg1,Electrolysis,CO2,0.0
605,2036,reg1,Electrolysis,CO2,0.0
606,2037,reg1,Electrolysis,CO2,0.0
607,2038,reg1,Electrolysis,CO2,0.0
608,2039,reg1,Electrolysis,CO2,0.0
609,2040,reg1,Electrolysis,CO2,0.0
610,2041,reg1,Electrolysis,CO2,0.0
611,2042,reg1,Electrolysis,CO2,0.0
612,2043,reg1,Electrolysis,CO2,0.0
613,2044,reg1,Electrolysis,CO2,0.0
614,2045,reg1,Electrolysis,CO2,0.0
615,2046,reg1,Electrolysis,CO2,0.0
616,2047,reg1,Electrolysis,CO2,0.0
617,2048,reg1,Electrolysis,CO2,0.0
618,2049,reg1,Electrolysis,CO2,0.0
619,2050,reg1,Electrolysis,CO2,0.0
620,2020,reg1,SFF_PP,CO2,17281877.69088001
621,2021,reg1,SFF_PP,CO2,16590602.5832448
622,2022,reg1,SFF_PP,CO2,15899327.475609604
623,2023,reg1,SFF_PP,CO2,15208052.367974406
624,2024,reg1,SFF_PP,CO2,14516777.260339195
625,2025,reg1,SFF_PP,CO2,13825502.152704006
626,2026,reg1,SFF_PP,CO2,13134227.04506881
627,2027,reg1,SFF_PP,CO2,12442951.93743361
628,2028,reg1,SFF_PP,CO2,11751676.829798404
629,2029,reg1,SFF_PP,CO2,11060401.722163206
630,2030,reg1,SFF_PP,CO2,10369126.61452801
631,2031,reg1,SFF_PP,CO2,9677851.506892813
632,2032,reg1,SFF_PP,CO2,8986576.399257611
633,2033,reg1,SFF_PP,CO2,8295301.291622409
634,2034,reg1,SFF_PP,CO2,7604026.183987212
635,2035,reg1,SFF_PP,CO2,6912751.07635201
636,2036,reg1,SFF_PP,CO2,6221475.96871681
637,2037,reg1,SFF_PP,CO2,5530200.8610816095
638,2038,reg1,SFF_PP,CO2,4838925.7534464095
639,2039,reg1,SFF_PP,CO2,4147650.64581121
640,2040,reg1,SFF_PP,CO2,3456375.538176008
641,2041,reg1,SFF_PP,CO2,2765100.4305408094
642,2042,reg1,SFF_PP,CO2,2073825.3229056078
643,2043,reg1,SFF_PP,CO2,1382550.2152704098
644,2044,reg1,SFF_PP,CO2,691275.1076352083
645,2045,reg1,SFF_PP,CO2,0.0
646,2046,reg1,SFF_PP,CO2,0.0
647,2047,reg1,SFF_PP,CO2,0.0
648,2048,reg1,SFF_PP,CO2,0.0
649,2049,reg1,SFF_PP,CO2,0.0
650,2050,reg1,SFF_PP,CO2,0.0
651,2020,reg1,Oil_PP,CO2,0.0
652,2021,reg1,Oil_PP,CO2,0.0
653,2022,reg1,Oil_PP,CO2,0.0
654,2023,reg1,Oil_PP,CO2,0.0
655,2024,reg1,Oil_PP,CO2,0.0
656,2025,reg1,Oil_PP,CO2,0.0
657,2026,reg1,Oil_PP,CO2,0.0
658,2027,reg1,Oil_PP,CO2,0.0
659,2028,reg1,Oil_PP,CO2,0.0
660,2029,reg1,Oil_PP,CO2,0.0
661,2030,reg1,Oil_PP,CO2,0.0
662,2031,reg1,Oil_PP,CO2,0.0
663,2032,reg1,Oil_PP,CO2,0.0
664,2033,reg1,Oil_PP,CO2,49061.17811791723
665,2034,reg1,Oil_PP,CO2,706423.852912982
666,2035,reg1,Oil_PP,CO2,617186.978242846
667,2036,reg1,Oil_PP,CO2,554873.2335999993
668,2037,reg1,Oil_PP,CO2,493220.6520888883
669,2038,reg1,Oil_PP,CO2,431568.07057777717
670,2039,reg1,Oil_PP,CO2,369915.4890666661
671,2040,reg1,Oil_PP,CO2,308262.90755555505
672,2041,reg1,Oil_PP,CO2,246610.3260444439
673,2042,reg1,Oil_PP,CO2,184957.74453333285
674,2043,reg1,Oil_PP,CO2,123305.16302222175
675,2044,reg1,Oil_PP,CO2,41780.946445491834
676,2045,reg1,Oil_PP,CO2,0.0
677,2046,reg1,Oil_PP,CO2,0.0
678,2047,reg1,Oil_PP,CO2,0.0
679,2048,reg1,Oil_PP,CO2,0.0
680,2049,reg1,Oil_PP,CO2,0.0
681,2050,reg1,Oil_PP,CO2,0.0
682,2020,reg1,Nuc_SMR,CO2,0.0
683,2021,reg1,Nuc_SMR,CO2,0.0
684,2022,reg1,Nuc_SMR,CO2,0.0
685,2023,reg1,Nuc_SMR,CO2,0.0
686,2024,reg1,Nuc_SMR,CO2,0.0
687,2025,reg1,Nuc_SMR,CO2,0.0
688,2026,reg1,Nuc_SMR,CO2,0.0
689,2027,reg1,Nuc_SMR,CO2,0.0
690,2028,reg1,Nuc_SMR,CO2,0.0
691,2029,reg1,Nuc_SMR,CO2,0.0
692,2030,reg1,Nuc_SMR,CO2,0.0
693,2031,reg1,Nuc_SMR,CO2,0.0
694,2032,reg1,Nuc_SMR,CO2,0.0
695,2033,reg1,Nuc_SMR,CO2,0.0
696,2034,reg1,Nuc_SMR,CO2,0.0
697,2035,reg1,Nuc_SMR,CO2,0.0
698,2036,reg1,Nuc_SMR,CO2,0.0
699,2037,reg1,Nuc_SMR,CO2,0.0
700,2038,reg1,Nuc_SMR,CO2,0.0
701,2039,reg1,Nuc_SMR,CO2,0.0
702,2040,reg1,Nuc_SMR,CO2,0.0
703,2041,reg1,Nuc_SMR,CO2,0.0
704,2042,reg1,Nuc_SMR,CO2,0.0
705,2043,reg1,Nuc_SMR,CO2,0.0
706,2044,reg1,Nuc_SMR,CO2,0.0
707,2045,reg1,Nuc_SMR,CO2,0.0
708,2046,reg1,Nuc_SMR,CO2,0.0
709,2047,reg1,Nuc_SMR,CO2,0.0
710,2048,reg1,Nuc_SMR,CO2,0.0
711,2049,reg1,Nuc_SMR,CO2,0.0
712,2050,reg1,Nuc_SMR,CO2,0.0
713,2020,reg1,Nuc_AMR,CO2,0.0
714,2021,reg1,Nuc_AMR,CO2,0.0
715,2022,reg1,Nuc_AMR,CO2,0.0
716,2023,reg1,Nuc_AMR,CO2,0.0
717,2024,reg1,Nuc_AMR,CO2,0.0
718,2025,reg1,Nuc_AMR,CO2,0.0
719,2026,reg1,Nuc_AMR,CO2,0.0
720,2027,reg1,Nuc_AMR,CO2,0.0
721,2028,reg1,Nuc_AMR,CO2,0.0
722,2029,reg1,Nuc_AMR,CO2,0.0
723,2030,reg1,Nuc_AMR,CO2,0.0
724,2031,reg1,Nuc_AMR,CO2,0.0
725,2032,reg1,Nuc_AMR,CO2,0.0
726,2033,reg1,Nuc_AMR,CO2,0.0
727,2034,reg1,Nuc_AMR,CO2,0.0
728,2035,reg1,Nuc_AMR,CO2,0.0
729,2036,reg1,Nuc_AMR,CO2,0.0
730,2037,reg1,Nuc_AMR,CO2,0.0
731,2038,reg1,Nuc_AMR,CO2,0.0
732,2039,reg1,Nuc_AMR,CO2,0.0
733,2040,reg1,Nuc_AMR,CO2,0.0
734,2041,reg1,Nuc_AMR,CO2,0.0
735,2042,reg1,Nuc_AMR,CO2,0.0
736,2043,reg1,Nuc_AMR,CO2,0.0
737,2044,reg1,Nuc_AMR,CO2,0.0
738,2045,reg1,Nuc_AMR,CO2,0.0
739,2046,reg1,Nuc_AMR,CO2,0.0
740,2047,reg1,Nuc_AMR,CO2,0.0
741,2048,reg1,Nuc_AMR,CO2,0.0
742,2049,reg1,Nuc_AMR,CO2,0.0
743,2050,reg1,Nuc_AMR,CO2,0.0
744,2020,reg1,Nuc_G3+,CO2,0.0
745,2021,reg1,Nuc_G3+,CO2,0.0
746,2022,reg1,Nuc_G3+,CO2,0.0
747,2023,reg1,Nuc_G3+,CO2,0.0
748,2024,reg1,Nuc_G3+,CO2,0.0
749,2025,reg1,Nuc_G3+,CO2,0.0
750,2026,reg1,Nuc_G3+,CO2,0.0
751,2027,reg1,Nuc_G3+,CO2,0.0
752,2028,reg1,Nuc_G3+,CO2,0.0
753,2029,reg1,Nuc_G3+,CO2,0.0
754,2030,reg1,Nuc_G3+,CO2,0.0
755,2031,reg1,Nuc_G3+,CO2,0.0
756,2032,reg1,Nuc_G3+,CO2,0.0
757,2033,reg1,Nuc_G3+,CO2,0.0
758,2034,reg1,Nuc_G3+,CO2,0.0
759,2035,reg1,Nuc_G3+,CO2,0.0
760,2036,reg1,Nuc_G3+,CO2,0.0
761,2037,reg1,Nuc_G3+,CO2,0.0
762,2038,reg1,Nuc_G3+,CO2,0.0
763,2039,reg1,Nuc_G3+,CO2,0.0
764,2040,reg1,Nuc_G3+,CO2,0.0
765,2041,reg1,Nuc_G3+,CO2,0.0
766,2042,reg1,Nuc_G3+,CO2,0.0
767,2043,reg1,Nuc_G3+,CO2,0.0
768,2044,reg1,Nuc_G3+,CO2,0.0
769,2045,reg1,Nuc_G3+,CO2,0.0
770,2046,reg1,Nuc_G3+,CO2,0.0
771,2047,reg1,Nuc_G3+,CO2,0.0
772,2048,reg1,Nuc_G3+,CO2,0.0
773,2049,reg1,Nuc_G3+,CO2,0.0
774,2050,reg1,Nuc_G3+,CO2,0.0
775,2020,reg1,Nuc_SMR_Power,CO2,0.0
776,2021,reg1,Nuc_SMR_Power,CO2,0.0
777,2022,reg1,Nuc_SMR_Power,CO2,0.0
778,2023,reg1,Nuc_SMR_Power,CO2,0.0
779,2024,reg1,Nuc_SMR_Power,CO2,0.0
780,2025,reg1,Nuc_SMR_Power,CO2,0.0
781,2026,reg1,Nuc_SMR_Power,CO2,0.0
782,2027,reg1,Nuc_SMR_Power,CO2,0.0
783,2028,reg1,Nuc_SMR_Power,CO2,0.0
784,2029,reg1,Nuc_SMR_Power,CO2,0.0
785,2030,reg1,Nuc_SMR_Power,CO2,0.0
786,2031,reg1,Nuc_SMR_Power,CO2,0.0
787,2032,reg1,Nuc_SMR_Power,CO2,0.0
788,2033,reg1,Nuc_SMR_Power,CO2,0.0
789,2034,reg1,Nuc_SMR_Power,CO2,0.0
790,2035,reg1,Nuc_SMR_Power,CO2,0.0
791,2036,reg1,Nuc_SMR_Power,CO2,0.0
792,2037,reg1,Nuc_SMR_Power,CO2,0.0
793,2038,reg1,Nuc_SMR_Power,CO2,0.0
794,2039,reg1,Nuc_SMR_Power,CO2,0.0
795,2040,reg1,Nuc_SMR_Power,CO2,0.0
796,2041,reg1,Nuc_SMR_Power,CO2,0.0
797,2042,reg1,Nuc_SMR_Power,CO2,0.0
798,2043,reg1,Nuc_SMR_Power,CO2,0.0
799,2044,reg1,Nuc_SMR_Power,CO2,0.0
800,2045,reg1,Nuc_SMR_Power,CO2,0.0
801,2046,reg1,Nuc_SMR_Power,CO2,0.0
802,2047,reg1,Nuc_SMR_Power,CO2,0.0
803,2048,reg1,Nuc_SMR_Power,CO2,0.0
804,2049,reg1,Nuc_SMR_Power,CO2,0.0
805,2050,reg1,Nuc_SMR_Power,CO2,0.0
806,2020,reg1,Nuc_AMR_Power,CO2,0.0
807,2021,reg1,Nuc_AMR_Power,CO2,0.0
808,2022,reg1,Nuc_AMR_Power,CO2,0.0
809,2023,reg1,Nuc_AMR_Power,CO2,0.0
810,2024,reg1,Nuc_AMR_Power,CO2,0.0
811,2025,reg1,Nuc_AMR_Power,CO2,0.0
812,2026,reg1,Nuc_AMR_Power,CO2,0.0
813,2027,reg1,Nuc_AMR_Power,CO2,0.0
814,2028,reg1,Nuc_AMR_Power,CO2,0.0
815,2029,reg1,Nuc_AMR_Power,CO2,0.0
816,2030,reg1,Nuc_AMR_Power,CO2,0.0
817,2031,reg1,Nuc_AMR_Power,CO2,0.0
818,2032,reg1,Nuc_AMR_Power,CO2,0.0
819,2033,reg1,Nuc_AMR_Power,CO2,0.0
820,2034,reg1,Nuc_AMR_Power,CO2,0.0
821,2035,reg1,Nuc_AMR_Power,CO2,0.0
822,2036,reg1,Nuc_AMR_Power,CO2,0.0
823,2037,reg1,Nuc_AMR_Power,CO2,0.0
824,2038,reg1,Nuc_AMR_Power,CO2,0.0
825,2039,reg1,Nuc_AMR_Power,CO2,0.0
826,2040,reg1,Nuc_AMR_Power,CO2,0.0
827,2041,reg1,Nuc_AMR_Power,CO2,0.0
828,2042,reg1,Nuc_AMR_Power,CO2,0.0
829,2043,reg1,Nuc_AMR_Power,CO2,0.0
830,2044,reg1,Nuc_AMR_Power,CO2,0.0
831,2045,reg1,Nuc_AMR_Power,CO2,0.0
832,2046,reg1,Nuc_AMR_Power,CO2,0.0
833,2047,reg1,Nuc_AMR_Power,CO2,0.0
834,2048,reg1,Nuc_AMR_Power,CO2,0.0
835,2049,reg1,Nuc_AMR_Power,CO2,0.0
836,2050,reg1,Nuc_AMR_Power,CO2,0.0
837,2020,reg1,Nuc_G3+_Power,CO2,0.0
838,2021,reg1,Nuc_G3+_Power,CO2,0.0
839,2022,reg1,Nuc_G3+_Power,CO2,0.0
840,2023,reg1,Nuc_G3+_Power,CO2,0.0
841,2024,reg1,Nuc_G3+_Power,CO2,0.0
842,2025,reg1,Nuc_G3+_Power,CO2,0.0
843,2026,reg1,Nuc_G3+_Power,CO2,0.0
844,2027,reg1,Nuc_G3+_Power,CO2,0.0
845,2028,reg1,Nuc_G3+_Power,CO2,0.0
846,2029,reg1,Nuc_G3+_Power,CO2,0.0
847,2030,reg1,Nuc_G3+_Power,CO2,0.0
848,2031,reg1,Nuc_G3+_Power,CO2,0.0
849,2032,reg1,Nuc_G3+_Power,CO2,0.0
850,2033,reg1,Nuc_G3+_Power,CO2,0.0
851,2034,reg1,Nuc_G3+_Power,CO2,0.0
852,2035,reg1,Nuc_G3+_Power,CO2,0.0
853,2036,reg1,Nuc_G3+_Power,CO2,0.0
854,2037,reg1,Nuc_G3+_Power,CO2,0.0
855,2038,reg1,Nuc_G3+_Power,CO2,0.0
856,2039,reg1,Nuc_G3+_Power,CO2,0.0
857,2040,reg1,Nuc_G3+_Power,CO2,0.0
858,2041,reg1,Nuc_G3+_Power,CO2,0.0
859,2042,reg1,Nuc_G3+_Power,CO2,0.0
860,2043,reg1,Nuc_G3+_Power,CO2,0.0
861,2044,reg1,Nuc_G3+_Power,CO2,0.0
862,2045,reg1,Nuc_G3+_Power,CO2,0.0
863,2046,reg1,Nuc_G3+_Power,CO2,0.0
864,2047,reg1,Nuc_G3+_Power,CO2,0.0
865,2048,reg1,Nuc_G3+_Power,CO2,0.0
866,2049,reg1,Nuc_G3+_Power,CO2,0.0
867,2050,reg1,Nuc_G3+_Power,CO2,0.0
868,2020,reg1,Nuc_SMR_Heat,CO2,0.0
869,2021,reg1,Nuc_SMR_Heat,CO2,0.0
870,2022,reg1,Nuc_SMR_Heat,CO2,0.0
871,2023,reg1,Nuc_SMR_Heat,CO2,0.0
872,2024,reg1,Nuc_SMR_Heat,CO2,0.0
873,2025,reg1,Nuc_SMR_Heat,CO2,0.0
874,2026,reg1,Nuc_SMR_Heat,CO2,0.0
875,2027,reg1,Nuc_SMR_Heat,CO2,0.0
876,2028,reg1,Nuc_SMR_Heat,CO2,0.0
877,2029,reg1,Nuc_SMR_Heat,CO2,0.0
878,2030,reg1,Nuc_SMR_Heat,CO2,0.0
879,2031,reg1,Nuc_SMR_Heat,CO2,0.0
880,2032,reg1,Nuc_SMR_Heat,CO2,0.0
881,2033,reg1,Nuc_SMR_Heat,CO2,0.0
882,2034,reg1,Nuc_SMR_Heat,CO2,0.0
883,2035,reg1,Nuc_SMR_Heat,CO2,0.0
884,2036,reg1,Nuc_SMR_Heat,CO2,0.0
885,2037,reg1,Nuc_SMR_Heat,CO2,0.0
886,2038,reg1,Nuc_SMR_Heat,CO2,0.0
887,2039,reg1,Nuc_SMR_Heat,CO2,0.0
888,2040,reg1,Nuc_SMR_Heat,CO2,0.0
889,2041,reg1,Nuc_SMR_Heat,CO2,0.0
890,2042,reg1,Nuc_SMR_Heat,CO2,0.0
891,2043,reg1,Nuc_SMR_Heat,CO2,0.0
892,2044,reg1,Nuc_SMR_Heat,CO2,0.0
893,2045,reg1,Nuc_SMR_Heat,CO2,0.0
894,2046,reg1,Nuc_SMR_Heat,CO2,0.0
895,2047,reg1,Nuc_SMR_Heat,CO2,0.0
896,2048,reg1,Nuc_SMR_Heat,CO2,0.0
897,2049,reg1,Nuc_SMR_Heat,CO2,0.0
898,2050,reg1,Nuc_SMR_Heat,CO2,0.0
899,2020,reg1,Nuc_AMR_Heat,CO2,0.0
900,2021,reg1,Nuc_AMR_Heat,CO2,0.0
901,2022,reg1,Nuc_AMR_Heat,CO2,0.0
902,2023,reg1,Nuc_AMR_Heat,CO2,0.0
903,2024,reg1,Nuc_AMR_Heat,CO2,0.0
904,2025,reg1,Nuc_AMR_Heat,CO2,0.0
905,2026,reg1,Nuc_AMR_Heat,CO2,0.0
906,2027,reg1,Nuc_AMR_Heat,CO2,0.0
907,2028,reg1,Nuc_AMR_Heat,CO2,0.0
908,2029,reg1,Nuc_AMR_Heat,CO2,0.0
909,2030,reg1,Nuc_AMR_Heat,CO2,0.0
910,2031,reg1,Nuc_AMR_Heat,CO2,0.0
911,2032,reg1,Nuc_AMR_Heat,CO2,0.0
912,2033,reg1,Nuc_AMR_Heat,CO2,0.0
913,2034,reg1,Nuc_AMR_Heat,CO2,0.0
914,2035,reg1,Nuc_AMR_Heat,CO2,0.0
915,2036,reg1,Nuc_AMR_Heat,CO2,0.0
916,2037,reg1,Nuc_AMR_Heat,CO2,0.0
917,2038,reg1,Nuc_AMR_Heat,CO2,0.0
918,2039,reg1,Nuc_AMR_Heat,CO2,0.0
919,2040,reg1,Nuc_AMR_Heat,CO2,0.0
920,2041,reg1,Nuc_AMR_Heat,CO2,0.0
921,2042,reg1,Nuc_AMR_Heat,CO2,0.0
922,2043,reg1,Nuc_AMR_Heat,CO2,0.0
923,2044,reg1,Nuc_AMR_Heat,CO2,0.0
924,2045,reg1,Nuc_AMR_Heat,CO2,0.0
925,2046,reg1,Nuc_AMR_Heat,CO2,0.0
926,2047,reg1,Nuc_AMR_Heat,CO2,0.0
927,2048,reg1,Nuc_AMR_Heat,CO2,0.0
928,2049,reg1,Nuc_AMR_Heat,CO2,0.0
929,2050,reg1,Nuc_AMR_Heat,CO2,0.0
930,2020,reg1,Nuc_G3+_Heat,CO2,0.0
931,2021,reg1,Nuc_G3+_Heat,CO2,0.0
932,2022,reg1,Nuc_G3+_Heat,CO2,0.0
933,2023,reg1,Nuc_G3+_Heat,CO2,0.0
934,2024,reg1,Nuc_G3+_Heat,CO2,0.0
935,2025,reg1,Nuc_G3+_Heat,CO2,0.0
936,2026,reg1,Nuc_G3+_Heat,CO2,0.0
937,2027,reg1,Nuc_G3+_Heat,CO2,0.0
938,2028,reg1,Nuc_G3+_Heat,CO2,0.0
939,2029,reg1,Nuc_G3+_Heat,CO2,0.0
940,2030,reg1,Nuc_G3+_Heat,CO2,0.0
941,2031,reg1,Nuc_G3+_Heat,CO2,0.0
942,2032,reg1,Nuc_G3+_Heat,CO2,0.0
943,2033,reg1,Nuc_G3+_Heat,CO2,0.0
944,2034,reg1,Nuc_G3+_Heat,CO2,0.0
945,2035,reg1,Nuc_G3+_Heat,CO2,0.0
946,2036,reg1,Nuc_G3+_Heat,CO2,0.0
947,2037,reg1,Nuc_G3+_Heat,CO2,0.0
948,2038,reg1,Nuc_G3+_Heat,CO2,0.0
949,2039,reg1,Nuc_G3+_Heat,CO2,0.0
950,2040,reg1,Nuc_G3+_Heat,CO2,0.0
951,2041,reg1,Nuc_G3+_Heat,CO2,0.0
952,2042,reg1,Nuc_G3+_Heat,CO2,0.0
953,2043,reg1,Nuc_G3+_Heat,CO2,0.0
954,2044,reg1,Nuc_G3+_Heat,CO2,0.0
955,2045,reg1,Nuc_G3+_Heat,CO2,0.0
956,2046,reg1,Nuc_G3+_Heat,CO2,0.0
957,2047,reg1,Nuc_G3+_Heat,CO2,0.0
958,2048,reg1,Nuc_G3+_Heat,CO2,0.0
959,2049,reg1,Nuc_G3+_Heat,CO2,0.0
960,2050,reg1,Nuc_G3+_Heat,CO2,0.0
961,2020,reg1,NG_PP,CO2,16536189.230645776
962,2021,reg1,NG_PP,CO2,19532709.52984892
963,2022,reg1,NG_PP,CO2,34304318.12305367
964,2023,reg1,NG_PP,CO2,21619720.302296665
965,2024,reg1,NG_PP,CO2,22617988.292106684
966,2025,reg1,NG_PP,CO2,23578758.818682868
967,2026,reg1,NG_PP,CO2,25032177.6333269
968,2027,reg1,NG_PP,CO2,26396934.79340961
969,2028,reg1,NG_PP,CO2,27671253.56282156
970,2029,reg1,NG_PP,CO2,28853237.194348082
971,2030,reg1,NG_PP,CO2,29928965.72924438
972,2031,reg1,NG_PP,CO2,30176069.232627645
973,2032,reg1,NG_PP,CO2,30387559.164255846
974,2033,reg1,NG_PP,CO2,30560578.814709466
975,2034,reg1,NG_PP,CO2,30483130.859035492
976,2035,reg1,NG_PP,CO2,31072528.491429117
977,2036,reg1,NG_PP,CO2,34722989.32031991
978,2037,reg1,NG_PP,CO2,37696365.11972558
979,2038,reg1,NG_PP,CO2,40739260.62372951
980,2039,reg1,NG_PP,CO2,43142259.82327059
981,2040,reg1,NG_PP,CO2,45659548.83645875
982,2041,reg1,NG_PP,CO2,48576357.570839114
983,2042,reg1,NG_PP,CO2,51408510.33164713
984,2043,reg1,NG_PP,CO2,54411565.35597974
985,2044,reg1,NG_PP,CO2,57727138.362388894
986,2045,reg1,NG_PP,CO2,61434577.43247678
987,2046,reg1,NG_PP,CO2,63114259.87019158
988,2047,reg1,NG_PP,CO2,65305205.71486743
989,2048,reg1,NG_PP,CO2,67942351.21209204
990,2049,reg1,NG_PP,CO2,71081258.51025435
991,2050,reg1,NG_PP,CO2,74729163.76046304
992,2020,reg1,NG_PP_CCS,CO2,0.0
993,2021,reg1,NG_PP_CCS,CO2,0.0
994,2022,reg1,NG_PP_CCS,CO2,0.0
995,2023,reg1,NG_PP_CCS,CO2,0.0
996,2024,reg1,NG_PP_CCS,CO2,0.0
997,2025,reg1,NG_PP_CCS,CO2,0.0
998,2026,reg1,NG_PP_CCS,CO2,0.0
999,2027,reg1,NG_PP_CCS,CO2,0.0
1000,2028,reg1,NG_PP_CCS,CO2,0.0
1001,2029,reg1,NG_PP_CCS,CO2,0.0
1002,2030,reg1,NG_PP_CCS,CO2,0.0
1003,2031,reg1,NG_PP_CCS,CO2,0.0
1004,2032,reg1,NG_PP_CCS,CO2,0.0
1005,2033,reg1,NG_PP_CCS,CO2,0.0
1006,2034,reg1,NG_PP_CCS,CO2,0.0
1007,2035,reg1,NG_PP_CCS,CO2,0.0
1008,2036,reg1,NG_PP_CCS,CO2,0.0
1009,2037,reg1,NG_PP_CCS,CO2,0.0
1010,2038,reg1,NG_PP_CCS,CO2,0.0
1011,2039,reg1,NG_PP_CCS,CO2,0.0
1012,2040,reg1,NG_PP_CCS,CO2,0.0
1013,2041,reg1,NG_PP_CCS,CO2,0.0
1014,2042,reg1,NG_PP_CCS,CO2,0.0
1015,2043,reg1,NG_PP_CCS,CO2,0.0
1016,2044,reg1,NG_PP_CCS,CO2,0.0
1017,2045,reg1,NG_PP_CCS,CO2,0.0
1018,2046,reg1,NG_PP_CCS,CO2,0.0
1019,2047,reg1,NG_PP_CCS,CO2,0.0
1020,2048,reg1,NG_PP_CCS,CO2,0.0
1021,2049,reg1,NG_PP_CCS,CO2,0.0
1022,2050,reg1,NG_PP_CCS,CO2,0.0
1023,2020,reg1,Bio_refinery,CO2,0.0
1024,2021,reg1,Bio_refinery,CO2,23709.21925751043
1025,2022,reg1,Bio_refinery,CO2,28620.523033833022
1026,2023,reg1,Bio_refinery,CO2,33403.28822236646
1027,2024,reg1,Bio_refinery,CO2,38020.43610740617
1028,2025,reg1,Bio_refinery,CO2,42437.38243240212
1029,2026,reg1,Bio_refinery,CO2,48422.42911970788
1030,2027,reg1,Bio_refinery,CO2,53964.25837124304
1031,2028,reg1,Bio_refinery,CO2,59053.88468233325
1032,2029,reg1,Bio_refinery,CO2,63681.715404934934
1033,2030,reg1,Bio_refinery,CO2,67837.49634786404
1034,2031,reg1,Bio_refinery,CO2,65928.59669980654
1035,2032,reg1,Bio_refinery,CO2,64081.62756254865
1036,2033,reg1,Bio_refinery,CO2,62263.00046141216
1037,2034,reg1,Bio_refinery,CO2,60508.9088798691
1038,2035,reg1,Bio_refinery,CO2,58831.13803230104
1039,2036,reg1,Bio_refinery,CO2,58339.41508755345
1040,2037,reg1,Bio_refinery,CO2,55635.89350383464
1041,2038,reg1,Bio_refinery,CO2,54099.118798721065
1042,2039,reg1,Bio_refinery,CO2,52643.699456152164
1043,2040,reg1,Bio_refinery,CO2,51280.51185162913
1044,2041,reg1,Bio_refinery,CO2,49146.06507737864
1045,2042,reg1,Bio_refinery,CO2,47396.22142017845
1046,2043,reg1,Bio_refinery,CO2,46194.54689332817
1047,2044,reg1,Bio_refinery,CO2,45511.763145077304
1048,2045,reg1,Bio_refinery,CO2,45325.640071503694
1049,2046,reg1,Bio_refinery,CO2,45533.47680952516
1050,2047,reg1,Bio_refinery,CO2,46197.25437274461
1051,2048,reg1,Bio_refinery,CO2,47311.38677683063
1052,2049,reg1,Bio_refinery,CO2,48875.78039950583
1053,2050,reg1,Bio_refinery,CO2,50895.68040746836
1054,2020,reg1,Oil_refinery,CO2,4897616.425831637
1055,2021,reg1,Oil_refinery,CO2,5511785.574691781
1056,2022,reg1,Oil_refinery,CO2,5517177.258025274
1057,2023,reg1,Oil_refinery,CO2,5514523.094674012
1058,2024,reg1,Oil_refinery,CO2,5503997.9871750595
1059,2025,reg1,Oil_refinery,CO2,5485766.891071459
1060,2026,reg1,Oil_refinery,CO2,5279463.762090558
1061,2027,reg1,Oil_refinery,CO2,5079241.99106788
1062,2028,reg1,Oil_refinery,CO2,4885174.882229237
1063,2029,reg1,Oil_refinery,CO2,4697341.050513631
1064,2030,reg1,Oil_refinery,CO2,4515824.878642106
1065,2031,reg1,Oil_refinery,CO2,4456941.456406522
1066,2032,reg1,Oil_refinery,CO2,4399822.541584603
1067,2033,reg1,Oil_refinery,CO2,4345353.4361336855
1068,2034,reg1,Oil_refinery,CO2,4314992.810201431
1069,2035,reg1,Oil_refinery,CO2,4259449.8593593165
1070,2036,reg1,Oil_refinery,CO2,4148621.828497612
1071,2037,reg1,Oil_refinery,CO2,3982806.1750566056
1072,2038,reg1,Oil_refinery,CO2,3848393.0582540827
1073,2039,reg1,Oil_refinery,CO2,3717275.2816646243
1074,2040,reg1,Oil_refinery,CO2,3589319.95360845
1075,2041,reg1,Oil_refinery,CO2,3445766.9819270833
1076,2042,reg1,Oil_refinery,CO2,3316573.3089945684
1077,2043,reg1,Oil_refinery,CO2,3201500.982200871
1078,2044,reg1,Oil_refinery,CO2,3096175.520328187
1079,2045,reg1,Oil_refinery,CO2,2999431.9574798048
1080,2046,reg1,Oil_refinery,CO2,2999848.7709965897
1081,2047,reg1,Oil_refinery,CO2,3004269.133953713
1082,2048,reg1,Oil_refinery,CO2,3012643.9966429477
1083,2049,reg1,Oil_refinery,CO2,3024972.5369808255
1084,2050,reg1,Oil_refinery,CO2,3042710.9662669683
1085,2020,reg1,Biofuels_mix,CO2,0.0
1086,2021,reg1,Biofuels_mix,CO2,0.0
1087,2022,reg1,Biofuels_mix,CO2,0.0
1088,2023,reg1,Biofuels_mix,CO2,0.0
1089,2024,reg1,Biofuels_mix,CO2,0.0
1090,2025,reg1,Biofuels_mix,CO2,0.0
1091,2026,reg1,Biofuels_mix,CO2,0.0
1092,2027,reg1,Biofuels_mix,CO2,0.0
1093,2028,reg1,Biofuels_mix,CO2,0.0
1094,2029,reg1,Biofuels_mix,CO2,0.0
1095,2030,reg1,Biofuels_mix,CO2,0.0
1096,2031,reg1,Biofuels_mix,CO2,0.0
1097,2032,reg1,Biofuels_mix,CO2,0.0
1098,2033,reg1,Biofuels_mix,CO2,0.0
1099,2034,reg1,Biofuels_mix,CO2,0.0
1100,2035,reg1,Biofuels_mix,CO2,0.0
1101,2036,reg1,Biofuels_mix,CO2,0.0
1102,2037,reg1,Biofuels_mix,CO2,0.0
1103,2038,reg1,Biofuels_mix,CO2,0.0
1104,2039,reg1,Biofuels_mix,CO2,0.0
1105,2040,reg1,Biofuels_mix,CO2,0.0
1106,2041,reg1,Biofuels_mix,CO2,0.0
1107,2042,reg1,Biofuels_mix,CO2,0.0
1108,2043,reg1,Biofuels_mix,CO2,0.0
1109,2044,reg1,Biofuels_mix,CO2,0.0
1110,2045,reg1,Biofuels_mix,CO2,0.0
1111,2046,reg1,Biofuels_mix,CO2,0.0
1112,2047,reg1,Biofuels_mix,CO2,0.0
1113,2048,reg1,Biofuels_mix,CO2,0.0
1114,2049,reg1,Biofuels_mix,CO2,0.0
1115,2050,reg1,Biofuels_mix,CO2,0.0
1116,2020,reg1,NG_CHP_P,CO2,7224475.207059588
1117,2021,reg1,NG_CHP_P,CO2,7792247.165285089
1118,2022,reg1,NG_CHP_P,CO2,7805879.246985824
1119,2023,reg1,NG_CHP_P,CO2,7820506.697529049
1120,2024,reg1,NG_CHP_P,CO2,7835919.986744565
1121,2025,reg1,NG_CHP_P,CO2,7852119.114632386
1122,2026,reg1,NG_CHP_P,CO2,7693260.567531452
1123,2027,reg1,NG_CHP_P,CO2,7535584.695743363
1124,2028,reg1,NG_CHP_P,CO2,7379091.4992681015
1125,2029,reg1,NG_CHP_P,CO2,7223780.978105679
1126,2030,reg1,NG_CHP_P,CO2,7088996.486451525
1127,2031,reg1,NG_CHP_P,CO2,6959886.515619456
1128,2032,reg1,NG_CHP_P,CO2,6836214.354007957
1129,2033,reg1,NG_CHP_P,CO2,6719478.191578357
1130,2034,reg1,NG_CHP_P,CO2,6352407.10059821
1131,2035,reg1,NG_CHP_P,CO2,5077261.024398898
1132,2036,reg1,NG_CHP_P,CO2,3802585.3477923893
1133,2037,reg1,NG_CHP_P,CO2,2529178.827273191
1134,2038,reg1,NG_CHP_P,CO2,1533335.4016298812
1135,2039,reg1,NG_CHP_P,CO2,1516733.5466828358
1136,2040,reg1,NG_CHP_P,CO2,1350224.9015085811
1137,2041,reg1,NG_CHP_P,CO2,1352443.4857278052
1138,2042,reg1,NG_CHP_P,CO2,1354254.9058696798
1139,2043,reg1,NG_CHP_P,CO2,1337070.6272610773
1140,2044,reg1,NG_CHP_P,CO2,1307906.2501430768
1141,2045,reg1,NG_CHP_P,CO2,1309015.07475141
1142,2046,reg1,NG_CHP_P,CO2,1309828.920233626
1143,2047,reg1,NG_CHP_P,CO2,1312005.0019526375
1144,2048,reg1,NG_CHP_P,CO2,1411224.7848522074
1145,2049,reg1,NG_CHP_P,CO2,1518398.1355186894
1146,2050,reg1,NG_CHP_P,CO2,1632813.5180998687
1147,2020,reg1,BW_CHP_P,CO2,0.0
1148,2021,reg1,BW_CHP_P,CO2,0.0
1149,2022,reg1,BW_CHP_P,CO2,0.0
1150,2023,reg1,BW_CHP_P,CO2,0.0
1151,2024,reg1,BW_CHP_P,CO2,0.0
1152,2025,reg1,BW_CHP_P,CO2,0.0
1153,2026,reg1,BW_CHP_P,CO2,0.0
1154,2027,reg1,BW_CHP_P,CO2,0.0
1155,2028,reg1,BW_CHP_P,CO2,0.0
1156,2029,reg1,BW_CHP_P,CO2,0.0
1157,2030,reg1,BW_CHP_P,CO2,0.0
1158,2031,reg1,BW_CHP_P,CO2,0.0
1159,2032,reg1,BW_CHP_P,CO2,0.0
1160,2033,reg1,BW_CHP_P,CO2,0.0
1161,2034,reg1,BW_CHP_P,CO2,0.0
1162,2035,reg1,BW_CHP_P,CO2,0.0
1163,2036,reg1,BW_CHP_P,CO2,0.0
1164,2037,reg1,BW_CHP_P,CO2,0.0
1165,2038,reg1,BW_CHP_P,CO2,0.0
1166,2039,reg1,BW_CHP_P,CO2,0.0
1167,2040,reg1,BW_CHP_P,CO2,0.0
1168,2041,reg1,BW_CHP_P,CO2,0.0
1169,2042,reg1,BW_CHP_P,CO2,0.0
1170,2043,reg1,BW_CHP_P,CO2,0.0
1171,2044,reg1,BW_CHP_P,CO2,0.0
1172,2045,reg1,BW_CHP_P,CO2,0.0
1173,2046,reg1,BW_CHP_P,CO2,0.0
1174,2047,reg1,BW_CHP_P,CO2,0.0
1175,2048,reg1,BW_CHP_P,CO2,0.0
1176,2049,reg1,BW_CHP_P,CO2,0.0
1177,2050,reg1,BW_CHP_P,CO2,0.0
1178,2020,reg1,Export_mix,CO2,0.0
1179,2021,reg1,Export_mix,CO2,0.0
1180,2022,reg1,Export_mix,CO2,0.0
1181,2023,reg1,Export_mix,CO2,0.0
1182,2024,reg1,Export_mix,CO2,0.0
1183,2025,reg1,Export_mix,CO2,0.0
1184,2026,reg1,Export_mix,CO2,0.0
1185,2027,reg1,Export_mix,CO2,0.0
1186,2028,reg1,Export_mix,CO2,0.0
1187,2029,reg1,Export_mix,CO2,0.0
1188,2030,reg1,Export_mix,CO2,0.0
1189,2031,reg1,Export_mix,CO2,0.0
1190,2032,reg1,Export_mix,CO2,0.0
1191,2033,reg1,Export_mix,CO2,0.0
1192,2034,reg1,Export_mix,CO2,0.0
1193,2035,reg1,Export_mix,CO2,0.0
1194,2036,reg1,Export_mix,CO2,0.0
1195,2037,reg1,Export_mix,CO2,0.0
1196,2038,reg1,Export_mix,CO2,0.0
1197,2039,reg1,Export_mix,CO2,0.0
1198,2040,reg1,Export_mix,CO2,0.0
1199,2041,reg1,Export_mix,CO2,0.0
1200,2042,reg1,Export_mix,CO2,0.0
1201,2043,reg1,Export_mix,CO2,0.0
1202,2044,reg1,Export_mix,CO2,0.0
1203,2045,reg1,Export_mix,CO2,0.0
1204,2046,reg1,Export_mix,CO2,0.0
1205,2047,reg1,Export_mix,CO2,0.0
1206,2048,reg1,Export_mix,CO2,0.0
1207,2049,reg1,Export_mix,CO2,0.0
1208,2050,reg1,Export_mix,CO2,0.0
1209,2020,reg1,Primary_mix,CO2,6809891.546911292
1210,2021,reg1,Primary_mix,CO2,6770614.552638012
1211,2022,reg1,Primary_mix,CO2,6731337.558364734
1212,2023,reg1,Primary_mix,CO2,6692060.564091456
1213,2024,reg1,Primary_mix,CO2,6652783.569818177
1214,2025,reg1,Primary_mix,CO2,6613506.575544899
1215,2026,reg1,Primary_mix,CO2,6574242.890995198
1216,2027,reg1,Primary_mix,CO2,6534979.206445495
1217,2028,reg1,Primary_mix,CO2,6495715.521895794
1218,2029,reg1,Primary_mix,CO2,6456451.837346089
1219,2030,reg1,Primary_mix,CO2,6417188.152796386
1220,2031,reg1,Primary_mix,CO2,6377924.468246685
1221,2032,reg1,Primary_mix,CO2,6338660.783696982
1222,2033,reg1,Primary_mix,CO2,6299397.099147279
1223,2034,reg1,Primary_mix,CO2,6260133.414597578
1224,2035,reg1,Primary_mix,CO2,6220869.730047874
1225,2036,reg1,Primary_mix,CO2,6181606.045498173
1226,2037,reg1,Primary_mix,CO2,6142342.36094847
1227,2038,reg1,Primary_mix,CO2,6103078.676398769
1228,2039,reg1,Primary_mix,CO2,6063814.991849066
1229,2040,reg1,Primary_mix,CO2,6024551.307299363
1230,2041,reg1,Primary_mix,CO2,6024551.307299361
1231,2042,reg1,Primary_mix,CO2,6024551.307299361
1232,2043,reg1,Primary_mix,CO2,6024551.307299361
1233,2044,reg1,Primary_mix,CO2,6024551.307299361
1234,2045,reg1,Primary_mix,CO2,6024551.307299361
1235,2046,reg1,Primary_mix,CO2,6024551.307299361
1236,2047,reg1,Primary_mix,CO2,6024551.307299361
1237,2048,reg1,Primary_mix,CO2,6024551.307299361
1238,2049,reg1,Primary_mix,CO2,6024551.307299361
1239,2050,reg1,Primary_mix,CO2,6024551.307299361
1240,2020,reg1,Transport_mix,CO2,82221294.09863965
1241,2021,reg1,Transport_mix,CO2,105488928.86556856
1242,2022,reg1,Transport_mix,CO2,106764345.43187018
1243,2023,reg1,Transport_mix,CO2,107709931.85219593
1244,2024,reg1,Transport_mix,CO2,108328201.99697796
1245,2025,reg1,Transport_mix,CO2,108621669.73664811
1246,2026,reg1,Transport_mix,CO2,103575920.07456933
1247,2027,reg1,Transport_mix,CO2,98616037.02098095
1248,2028,reg1,Transport_mix,CO2,93741540.01352616
1249,2029,reg1,Transport_mix,CO2,88951948.48984787
1250,2030,reg1,Transport_mix,CO2,84246781.88758913
1251,2031,reg1,Transport_mix,CO2,81658965.09228791
1252,2032,reg1,Transport_mix,CO2,79160227.22141664
1253,2033,reg1,Transport_mix,CO2,76708574.96845904
1254,2034,reg1,Transport_mix,CO2,74348199.7276371
1255,2035,reg1,Transport_mix,CO2,72092905.59938543
1256,2036,reg1,Transport_mix,CO2,71490338.03019655
1257,2037,reg1,Transport_mix,CO2,68177386.20162694
1258,2038,reg1,Transport_mix,CO2,66294190.372873016
1259,2039,reg1,Transport_mix,CO2,64510689.10499461
1260,2040,reg1,Transport_mix,CO2,62840210.53575168
1261,2041,reg1,Transport_mix,CO2,60224614.86737503
1262,2042,reg1,Transport_mix,CO2,58080319.893462524
1263,2043,reg1,Transport_mix,CO2,56607762.82380601
1264,2044,reg1,Transport_mix,CO2,55771065.354509756
1265,2045,reg1,Transport_mix,CO2,55542986.25181345
1266,2046,reg1,Transport_mix,CO2,55797673.732549235
1267,2047,reg1,Transport_mix,CO2,56611080.62564547
1268,2048,reg1,Transport_mix,CO2,57976361.7492044
1269,2049,reg1,Transport_mix,CO2,59893402.37653139
1270,2050,reg1,Transport_mix,CO2,62368630.04447635
1271,2020,reg1,Cement_CCS,CO2,0.0
1272,2021,reg1,Cement_CCS,CO2,0.0
1273,2022,reg1,Cement_CCS,CO2,0.0
1274,2023,reg1,Cement_CCS,CO2,0.0
1275,2024,reg1,Cement_CCS,CO2,0.0
1276,2025,reg1,Cement_CCS,CO2,0.0
1277,2026,reg1,Cement_CCS,CO2,0.0
1278,2027,reg1,Cement_CCS,CO2,0.0
1279,2028,reg1,Cement_CCS,CO2,0.0
1280,2029,reg1,Cement_CCS,CO2,0.0
1281,2030,reg1,Cement_CCS,CO2,0.0
1282,2031,reg1,Cement_CCS,CO2,0.0
1283,2032,reg1,Cement_CCS,CO2,0.0
1284,2033,reg1,Cement_CCS,CO2,0.0
1285,2034,reg1,Cement_CCS,CO2,0.0
1286,2035,reg1,Cement_CCS,CO2,0.0
1287,2036,reg1,Cement_CCS,CO2,0.0
1288,2037,reg1,Cement_CCS,CO2,0.0
1289,2038,reg1,Cement_CCS,CO2,0.0
1290,2039,reg1,Cement_CCS,CO2,0.0
1291,2040,reg1,Cement_CCS,CO2,0.0
1292,2041,reg1,Cement_CCS,CO2,0.0
1293,2042,reg1,Cement_CCS,CO2,0.0
1294,2043,reg1,Cement_CCS,CO2,0.0
1295,2044,reg1,Cement_CCS,CO2,0.0
1296,2045,reg1,Cement_CCS,CO2,0.0
1297,2046,reg1,Cement_CCS,CO2,0.0
1298,2047,reg1,Cement_CCS,CO2,0.0
1299,2048,reg1,Cement_CCS,CO2,0.0
1300,2049,reg1,Cement_CCS,CO2,0.0
1301,2050,reg1,Cement_CCS,CO2,0.0
1302,2020,reg1,Cement_woCCS,CO2,14183968.668255787
1303,2021,reg1,Cement_woCCS,CO2,14183968.668255787
1304,2022,reg1,Cement_woCCS,CO2,14183968.668255787
1305,2023,reg1,Cement_woCCS,CO2,14183968.668255787
1306,2024,reg1,Cement_woCCS,CO2,14183968.668255787
1307,2025,reg1,Cement_woCCS,CO2,14183968.668255787
1308,2026,reg1,Cement_woCCS,CO2,14183968.668255787
1309,2027,reg1,Cement_woCCS,CO2,14183968.668255787
1310,2028,reg1,Cement_woCCS,CO2,14183968.668255787
1311,2029,reg1,Cement_woCCS,CO2,14183968.668255787
1312,2030,reg1,Cement_woCCS,CO2,14183968.668255787
1313,2031,reg1,Cement_woCCS,CO2,14183968.668255787
1314,2032,reg1,Cement_woCCS,CO2,14183968.668255787
1315,2033,reg1,Cement_woCCS,CO2,14183968.668255787
1316,2034,reg1,Cement_woCCS,CO2,14183968.668255787
1317,2035,reg1,Cement_woCCS,CO2,14183968.668255787
1318,2036,reg1,Cement_woCCS,CO2,14183968.668255787
1319,2037,reg1,Cement_woCCS,CO2,14183968.668255787
1320,2038,reg1,Cement_woCCS,CO2,14183968.668255787
1321,2039,reg1,Cement_woCCS,CO2,14183968.668255787
1322,2040,reg1,Cement_woCCS,CO2,14183968.668255787
1323,2041,reg1,Cement_woCCS,CO2,14183968.668255787
1324,2042,reg1,Cement_woCCS,CO2,14183968.668255787
1325,2043,reg1,Cement_woCCS,CO2,14183968.668255787
1326,2044,reg1,Cement_woCCS,CO2,14183968.668255787
1327,2045,reg1,Cement_woCCS,CO2,14183968.668255787
1328,2046,reg1,Cement_woCCS,CO2,14183968.668255787
1329,2047,reg1,Cement_woCCS,CO2,14183968.668255787
1330,2048,reg1,Cement_woCCS,CO2,14183968.668255787
1331,2049,reg1,Cement_woCCS,CO2,14183968.668255787
1332,2050,reg1,Cement_woCCS,CO2,14183968.668255787
1333,2020,reg1,Iron_Steel_CCS,CO2,0.0
1334,2021,reg1,Iron_Steel_CCS,CO2,0.0
1335,2022,reg1,Iron_Steel_CCS,CO2,0.0
1336,2023,reg1,Iron_Steel_CCS,CO2,0.0
1337,2024,reg1,Iron_Steel_CCS,CO2,0.0
1338,2025,reg1,Iron_Steel_CCS,CO2,0.0
1339,2026,reg1,Iron_Steel_CCS,CO2,0.0
1340,2027,reg1,Iron_Steel_CCS,CO2,0.0
1341,2028,reg1,Iron_Steel_CCS,CO2,0.0
1342,2029,reg1,Iron_Steel_CCS,CO2,0.0
1343,2030,reg1,Iron_Steel_CCS,CO2,0.0
1344,2031,reg1,Iron_Steel_CCS,CO2,0.0
1345,2032,reg1,Iron_Steel_CCS,CO2,0.0
1346,2033,reg1,Iron_Steel_CCS,CO2,0.0
1347,2034,reg1,Iron_Steel_CCS,CO2,0.0
1348,2035,reg1,Iron_Steel_CCS,CO2,0.0
1349,2036,reg1,Iron_Steel_CCS,CO2,0.0
1350,2037,reg1,Iron_Steel_CCS,CO2,0.0
1351,2038,reg1,Iron_Steel_CCS,CO2,0.0
1352,2039,reg1,Iron_Steel_CCS,CO2,0.0
1353,2040,reg1,Iron_Steel_CCS,CO2,0.0
1354,2041,reg1,Iron_Steel_CCS,CO2,0.0
1355,2042,reg1,Iron_Steel_CCS,CO2,0.0
1356,2043,reg1,Iron_Steel_CCS,CO2,0.0
1357,2044,reg1,Iron_Steel_CCS,CO2,0.0
1358,2045,reg1,Iron_Steel_CCS,CO2,0.0
1359,2046,reg1,Iron_Steel_CCS,CO2,0.0
1360,2047,reg1,Iron_Steel_CCS,CO2,0.0
1361,2048,reg1,Iron_Steel_CCS,CO2,0.0
1362,2049,reg1,Iron_Steel_CCS,CO2,0.0
1363,2050,reg1,Iron_Steel_CCS,CO2,0.0
1364,2020,reg1,Iron_Steel_woCCS,CO2,31457386.42578653
1365,2021,reg1,Iron_Steel_woCCS,CO2,37625501.41123499
1366,2022,reg1,Iron_Steel_woCCS,CO2,37625501.41123499
1367,2023,reg1,Iron_Steel_woCCS,CO2,37625501.41123499
1368,2024,reg1,Iron_Steel_woCCS,CO2,37625501.41123499
1369,2025,reg1,Iron_Steel_woCCS,CO2,37625501.41123499
1370,2026,reg1,Iron_Steel_woCCS,CO2,37625501.41123499
1371,2027,reg1,Iron_Steel_woCCS,CO2,37625501.41123499
1372,2028,reg1,Iron_Steel_woCCS,CO2,37625501.41123499
1373,2029,reg1,Iron_Steel_woCCS,CO2,37625501.41123499
1374,2030,reg1,Iron_Steel_woCCS,CO2,37625501.41123499
1375,2031,reg1,Iron_Steel_woCCS,CO2,37625501.41123499
1376,2032,reg1,Iron_Steel_woCCS,CO2,37625501.41123499
1377,2033,reg1,Iron_Steel_woCCS,CO2,37625501.41123499
1378,2034,reg1,Iron_Steel_woCCS,CO2,37625501.41123499
1379,2035,reg1,Iron_Steel_woCCS,CO2,37625501.41123499
1380,2036,reg1,Iron_Steel_woCCS,CO2,37625501.41123499
1381,2037,reg1,Iron_Steel_woCCS,CO2,37625501.41123499
1382,2038,reg1,Iron_Steel_woCCS,CO2,37625501.41123499
1383,2039,reg1,Iron_Steel_woCCS,CO2,37625501.41123499
1384,2040,reg1,Iron_Steel_woCCS,CO2,37625501.41123499
1385,2041,reg1,Iron_Steel_woCCS,CO2,37625501.41123499
1386,2042,reg1,Iron_Steel_woCCS,CO2,37625501.41123499
1387,2043,reg1,Iron_Steel_woCCS,CO2,37625501.41123499
1388,2044,reg1,Iron_Steel_woCCS,CO2,37625501.41123499
1389,2045,reg1,Iron_Steel_woCCS,CO2,37625501.41123499
1390,2046,reg1,Iron_Steel_woCCS,CO2,37625501.41123499
1391,2047,reg1,Iron_Steel_woCCS,CO2,37625501.41123499
1392,2048,reg1,Iron_Steel_woCCS,CO2,37625501.41123499
1393,2049,reg1,Iron_Steel_woCCS,CO2,37625501.41123499
1394,2050,reg1,Iron_Steel_woCCS,CO2,37625501.41123499
1395,2020,reg1,Other_Industrial_mix,CO2,19325487.170159493
1396,2021,reg1,Other_Industrial_mix,CO2,19629809.49260218
1397,2022,reg1,Other_Industrial_mix,CO2,19934131.815044865
1398,2023,reg1,Other_Industrial_mix,CO2,20238454.137487546
1399,2024,reg1,Other_Industrial_mix,CO2,20542776.459930234
1400,2025,reg1,Other_Industrial_mix,CO2,20847098.782372907
1401,2026,reg1,Other_Industrial_mix,CO2,20748219.262456514
1402,2027,reg1,Other_Industrial_mix,CO2,20649339.742540125
1403,2028,reg1,Other_Industrial_mix,CO2,20550460.222623732
1404,2029,reg1,Other_Industrial_mix,CO2,20451580.702707343
1405,2030,reg1,Other_Industrial_mix,CO2,20352701.18279094
1406,2031,reg1,Other_Industrial_mix,CO2,20253821.662874553
1407,2032,reg1,Other_Industrial_mix,CO2,20154942.142958157
1408,2033,reg1,Other_Industrial_mix,CO2,20056062.623041764
1409,2034,reg1,Other_Industrial_mix,CO2,19957183.103125375
1410,2035,reg1,Other_Industrial_mix,CO2,19858303.58320899
1411,2036,reg1,Other_Industrial_mix,CO2,19759424.06329259
1412,2037,reg1,Other_Industrial_mix,CO2,19660544.5433762
1413,2038,reg1,Other_Industrial_mix,CO2,19561665.02345981
1414,2039,reg1,Other_Industrial_mix,CO2,19462785.503543418
1415,2040,reg1,Other_Industrial_mix,CO2,19363905.983627025
1416,2041,reg1,Other_Industrial_mix,CO2,19363905.98362704
1417,2042,reg1,Other_Industrial_mix,CO2,19363905.98362704
1418,2043,reg1,Other_Industrial_mix,CO2,19363905.98362704
1419,2044,reg1,Other_Industrial_mix,CO2,19363905.98362704
1420,2045,reg1,Other_Industrial_mix,CO2,19363905.98362704
1421,2046,reg1,Other_Industrial_mix,CO2,19363905.98362704
1422,2047,reg1,Other_Industrial_mix,CO2,19363905.98362704
1423,2048,reg1,Other_Industrial_mix,CO2,19363905.98362704
1424,2049,reg1,Other_Industrial_mix,CO2,19363905.98362704
1425,2050,reg1,Other_Industrial_mix,CO2,19363905.98362704
1426,2020,reg1,Residential_mix,CO2,67346453.03982913
1427,2021,reg1,Residential_mix,CO2,72078963.35125324
1428,2022,reg1,Residential_mix,CO2,70531024.60547021
1429,2023,reg1,Residential_mix,CO2,68998071.12852146
1430,2024,reg1,Residential_mix,CO2,67476948.44560805
1431,2025,reg1,Residential_mix,CO2,65967656.55673003
1432,2026,reg1,Residential_mix,CO2,64337939.39879778
1433,2027,reg1,Residential_mix,CO2,62726027.40690031
1434,2028,reg1,Residential_mix,CO2,61131920.58103763
1435,2029,reg1,Residential_mix,CO2,59555618.9212098
1436,2030,reg1,Residential_mix,CO2,58288336.44819002
1437,2031,reg1,Residential_mix,CO2,57106483.83432814
1438,2032,reg1,Residential_mix,CO2,56006497.38862516
1439,2033,reg1,Residential_mix,CO2,55010932.34726774
1440,2034,reg1,Residential_mix,CO2,54080703.440751836
1441,2035,reg1,Residential_mix,CO2,53281982.731285945
1442,2036,reg1,Residential_mix,CO2,52418259.66541539
1443,2037,reg1,Residential_mix,CO2,51379157.75657097
1444,2038,reg1,Residential_mix,CO2,50377433.7061716
1445,2039,reg1,Residential_mix,CO2,49350011.02859002
1446,2040,reg1,Residential_mix,CO2,48353627.77843817
1447,2041,reg1,Residential_mix,CO2,46955477.33490236
1448,2042,reg1,Residential_mix,CO2,45813921.44856085
1449,2043,reg1,Residential_mix,CO2,44902637.36838555
1450,2044,reg1,Residential_mix,CO2,44198525.527201444
1451,2045,reg1,Residential_mix,CO2,43589968.406422004
1452,2046,reg1,Residential_mix,CO2,43143304.92177777
1453,2047,reg1,Residential_mix,CO2,42842602.19663132
1454,2048,reg1,Residential_mix,CO2,42673884.593983404
1455,2049,reg1,Residential_mix,CO2,42624907.88143627
1456,2050,reg1,Residential_mix,CO2,42684959.89323223
1457,2020,reg1,Services_mix,CO2,27282085.05241651
1458,2021,reg1,Services_mix,CO2,26669080.654404562
1459,2022,reg1,Services_mix,CO2,26056076.25639261
1460,2023,reg1,Services_mix,CO2,25443071.858380664
1461,2024,reg1,Services_mix,CO2,24830067.46036871
1462,2025,reg1,Services_mix,CO2,24217063.062356763
1463,2026,reg1,Services_mix,CO2,24184965.658159103
1464,2027,reg1,Services_mix,CO2,24152868.253961433
1465,2028,reg1,Services_mix,CO2,24120770.849763773
1466,2029,reg1,Services_mix,CO2,24088673.445566107
1467,2030,reg1,Services_mix,CO2,24056576.041368447
1468,2031,reg1,Services_mix,CO2,24024478.637170788
1469,2032,reg1,Services_mix,CO2,23992381.23297313
1470,2033,reg1,Services_mix,CO2,23960283.82877546
1471,2034,reg1,Services_mix,CO2,23928186.42457779
1472,2035,reg1,Services_mix,CO2,23896089.02038013
1473,2036,reg1,Services_mix,CO2,23863991.616182473
1474,2037,reg1,Services_mix,CO2,23831894.211984806
1475,2038,reg1,Services_mix,CO2,23799796.80778714
1476,2039,reg1,Services_mix,CO2,23767699.403589487
1477,2040,reg1,Services_mix,CO2,23735601.999391813
1478,2041,reg1,Services_mix,CO2,23735601.999391835
1479,2042,reg1,Services_mix,CO2,23735601.999391835
1480,2043,reg1,Services_mix,CO2,23735601.999391835
1481,2044,reg1,Services_mix,CO2,23735601.999391835
1482,2045,reg1,Services_mix,CO2,23735601.999391835
1483,2046,reg1,Services_mix,CO2,23735601.999391835
1484,2047,reg1,Services_mix,CO2,23735601.999391835
1485,2048,reg1,Services_mix,CO2,23735601.999391835
1486,2049,reg1,Services_mix,CO2,23735601.999391835
1487,2050,reg1,Services_mix,CO2,23735601.999391835
