,Year,Region,Technology,Carrier,Value
0,2020,reg1,Oil_supply,Crude_oil,355637.39312231453
1,2021,reg1,Oil_supply,Crude_oil,400234.9066974377
2,2022,reg1,Oil_supply,Crude_oil,400626.42045403784
3,2023,reg1,Oil_supply,Crude_oil,400433.69002088567
4,2024,reg1,Oil_supply,Crude_oil,399669.4158377304
5,2025,reg1,Oil_supply,Crude_oil,398345.57604949194
6,2026,reg1,Oil_supply,Crude_oil,383365.00170382217
7,2027,reg1,Oil_supply,Crude_oil,368826.02141184337
8,2028,reg1,Oil_supply,Crude_oil,354733.95811465685
9,2029,reg1,Oil_supply,Crude_oil,341094.5203875238
10,2030,reg1,Oil_supply,Crude_oil,327913.835629638
11,2031,reg1,Oil_supply,Crude_oil,323638.0522768353
12,2032,reg1,Oil_supply,Crude_oil,319490.3975405226
13,2033,reg1,Oil_supply,Crude_oil,315639.3024928366
14,2034,reg1,Oil_supply,Crude_oil,313304.5026131647
15,2035,reg1,Oil_supply,Crude_oil,309341.30283859576
16,2036,reg1,Oil_supply,Crude_oil,301421.81992843316
17,2037,reg1,Oil_supply,Crude_oil,289278.4741090622
18,2038,reg1,Oil_supply,Crude_oil,279448.68604427174
19,2039,reg1,Oil_supply,Crude_oil,269927.6496453561
20,2040,reg1,Oil_supply,Crude_oil,260636.25249428576
21,2041,reg1,Oil_supply,Crude_oil,250212.2420808829
22,2042,reg1,Oil_supply,Crude_oil,240830.92328113294
23,2043,reg1,Oil_supply,Crude_oil,232475.01731316408
24,2044,reg1,Oil_supply,Crude_oil,224879.70897512976
25,2045,reg1,Oil_supply,Crude_oil,217801.89983431547
26,2046,reg1,Oil_supply,Crude_oil,217832.1664905086
27,2047,reg1,Oil_supply,Crude_oil,218153.1484176424
28,2048,reg1,Oil_supply,Crude_oil,218761.28390143567
29,2049,reg1,Oil_supply,Crude_oil,219656.51324680477
30,2050,reg1,Oil_supply,Crude_oil,220944.57833825116
31,2020,reg1,NG_supply,NG,611968.5114004978
32,2021,reg1,NG_supply,NG,657835.9138081509
33,2022,reg1,NG_supply,NG,652767.6744193379
34,2023,reg1,NG_supply,NG,652981.9095069823
35,2024,reg1,NG_supply,NG,652997.9849377726
36,2025,reg1,NG_supply,NG,652780.5519659743
37,2026,reg1,NG_supply,NG,657189.315031424
38,2027,reg1,NG_supply,NG,660903.6448745498
39,2028,reg1,NG_supply,NG,663909.9952720222
40,2029,reg1,NG_supply,NG,666193.8376499371
41,2030,reg1,NG_supply,NG,666886.9323598124
42,2031,reg1,NG_supply,NG,647552.1751537344
43,2032,reg1,NG_supply,NG,629825.9742271893
44,2033,reg1,NG_supply,NG,601836.0396151794
45,2034,reg1,NG_supply,NG,587042.4769835271
46,2035,reg1,NG_supply,NG,583090.2124551826
47,2036,reg1,NG_supply,NG,605313.4213821721
48,2037,reg1,NG_supply,NG,622135.3406162818
49,2038,reg1,NG_supply,NG,642936.9791715753
50,2039,reg1,NG_supply,NG,663863.1031119957
51,2040,reg1,NG_supply,NG,684032.3146349977
52,2041,reg1,NG_supply,NG,702194.4550809044
53,2042,reg1,NG_supply,NG,721382.192758715
54,2043,reg1,NG_supply,NG,755689.7658162562
55,2044,reg1,NG_supply,NG,759865.9666469833
56,2045,reg1,NG_supply,NG,801346.5438321355
57,2046,reg1,NG_supply,NG,802736.9278915895
58,2047,reg1,NG_supply,NG,807911.0935092943
59,2048,reg1,NG_supply,NG,812898.8768101735
60,2049,reg1,NG_supply,NG,827029.0793107111
61,2050,reg1,NG_supply,NG,844651.5131178667
62,2020,reg1,SFF_supply,Solid_fossil_fuels,54837.18678841923
63,2021,reg1,SFF_supply,Solid_fossil_fuels,53552.494550015836
64,2022,reg1,SFF_supply,Solid_fossil_fuels,50437.44431306087
65,2023,reg1,SFF_supply,Solid_fossil_fuels,48852.66659891111
66,2024,reg1,SFF_supply,Solid_fossil_fuels,47267.88888476132
67,2025,reg1,SFF_supply,Solid_fossil_fuels,45683.11117061158
68,2026,reg1,SFF_supply,Solid_fossil_fuels,44029.7508014391
69,2027,reg1,SFF_supply,Solid_fossil_fuels,42376.390432266606
70,2028,reg1,SFF_supply,Solid_fossil_fuels,40723.03006309412
71,2029,reg1,SFF_supply,Solid_fossil_fuels,39069.669693921634
72,2030,reg1,SFF_supply,Solid_fossil_fuels,37416.309324749156
73,2031,reg1,SFF_supply,Solid_fossil_fuels,35762.94895557669
74,2032,reg1,SFF_supply,Solid_fossil_fuels,34843.21061481799
75,2033,reg1,SFF_supply,Solid_fossil_fuels,32456.228217231706
76,2034,reg1,SFF_supply,Solid_fossil_fuels,30802.867848059228
77,2035,reg1,SFF_supply,Solid_fossil_fuels,29149.507478886742
78,2036,reg1,SFF_supply,Solid_fossil_fuels,27496.14710971426
79,2037,reg1,SFF_supply,Solid_fossil_fuels,25842.786740541775
80,2038,reg1,SFF_supply,Solid_fossil_fuels,24189.42637136929
81,2039,reg1,SFF_supply,Solid_fossil_fuels,22536.066002196807
82,2040,reg1,SFF_supply,Solid_fossil_fuels,20882.705633024318
83,2041,reg1,SFF_supply,Solid_fossil_fuels,19246.16418502432
84,2042,reg1,SFF_supply,Solid_fossil_fuels,17609.622737024314
85,2043,reg1,SFF_supply,Solid_fossil_fuels,16071.414251565093
86,2044,reg1,SFF_supply,Solid_fossil_fuels,14336.539841024318
87,2045,reg1,SFF_supply,Solid_fossil_fuels,12699.998393024298
88,2046,reg1,SFF_supply,Solid_fossil_fuels,12699.998393024298
89,2047,reg1,SFF_supply,Solid_fossil_fuels,12699.998393024298
90,2048,reg1,SFF_supply,Solid_fossil_fuels,12699.998393024298
91,2049,reg1,SFF_supply,Solid_fossil_fuels,12699.998393024298
92,2050,reg1,SFF_supply,Solid_fossil_fuels,12699.998393024298
93,2020,reg1,OP_supply,Oil_products,376636.51759857667
94,2021,reg1,OP_supply,Oil_products,423867.3558943482
95,2022,reg1,OP_supply,Oil_products,424281.98714721785
96,2023,reg1,OP_supply,Oil_products,424077.87666676403
97,2024,reg1,OP_supply,Oil_products,423268.47480857675
98,2025,reg1,OP_supply,Oil_products,421866.4669844749
99,2026,reg1,OP_supply,Oil_products,406001.3429500089
100,2027,reg1,OP_supply,Oil_products,390603.8875291111
101,2028,reg1,OP_supply,Oil_products,375679.73796364176
102,2029,reg1,OP_supply,Oil_products,361234.93989994883
103,2030,reg1,OP_supply,Oil_products,347275.98253837734
104,2031,reg1,OP_supply,Oil_products,342747.7293705458
105,2032,reg1,OP_supply,Oil_products,338355.1703587639
106,2033,reg1,OP_supply,Oil_products,334276.68183153856
107,2034,reg1,OP_supply,Oil_products,331804.0203145682
108,2035,reg1,OP_supply,Oil_products,327606.80767464836
109,2036,reg1,OP_supply,Oil_products,319219.7074367405
110,2037,reg1,OP_supply,Oil_products,306359.34019231505
111,2038,reg1,OP_supply,Oil_products,295949.13806775544
112,2039,reg1,OP_supply,Oil_products,285865.91829793935
113,2040,reg1,OP_supply,Oil_products,276025.89715763985
114,2041,reg1,OP_supply,Oil_products,264986.3859660674
115,2042,reg1,OP_supply,Oil_products,255051.13362322844
116,2043,reg1,OP_supply,Oil_products,246201.84109657144
117,2044,reg1,OP_supply,Oil_products,238158.0567874763
118,2045,reg1,OP_supply,Oil_products,230662.32816451066
119,2046,reg1,OP_supply,Oil_products,230694.38195921434
120,2047,reg1,OP_supply,Oil_products,231034.31672868947
121,2048,reg1,OP_supply,Oil_products,231678.36045208178
122,2049,reg1,OP_supply,Oil_products,232626.44990952488
123,2050,reg1,OP_supply,Oil_products,233990.57066809735
124,2020,reg1,BW_supply,Biofuels_waste,158669.248426528
125,2021,reg1,BW_supply,Biofuels_waste,164686.8690180282
126,2022,reg1,BW_supply,Biofuels_waste,163740.78310809558
127,2023,reg1,BW_supply,Biofuels_waste,162810.56183533953
128,2024,reg1,BW_supply,Biofuels_waste,161879.50554821375
129,2025,reg1,BW_supply,Biofuels_waste,160947.61424671827
130,2026,reg1,BW_supply,Biofuels_waste,160352.09225782685
131,2027,reg1,BW_supply,Biofuels_waste,159755.24483352195
132,2028,reg1,BW_supply,Biofuels_waste,159157.07197380357
133,2029,reg1,BW_supply,Biofuels_waste,158557.5736786718
134,2030,reg1,BW_supply,Biofuels_waste,157956.74994812655
135,2031,reg1,BW_supply,Biofuels_waste,157485.46248668694
136,2032,reg1,BW_supply,Biofuels_waste,157010.64250556956
137,2033,reg1,BW_supply,Biofuels_waste,156532.29000477394
138,2034,reg1,BW_supply,Biofuels_waste,156050.40498430055
139,2035,reg1,BW_supply,Biofuels_waste,155564.98744414892
140,2036,reg1,BW_supply,Biofuels_waste,155076.03738431932
141,2037,reg1,BW_supply,Biofuels_waste,154583.55480481195
142,2038,reg1,BW_supply,Biofuels_waste,154087.53970562632
143,2039,reg1,BW_supply,Biofuels_waste,153587.9920867629
144,2040,reg1,BW_supply,Biofuels_waste,153035.64465388778
145,2041,reg1,BW_supply,Biofuels_waste,153109.99850202986
146,2042,reg1,BW_supply,Biofuels_waste,153135.231118988
147,2043,reg1,BW_supply,Biofuels_waste,153160.6106495291
148,2044,reg1,BW_supply,Biofuels_waste,153186.13794903812
149,2045,reg1,BW_supply,Biofuels_waste,153211.81387788046
150,2046,reg1,BW_supply,Biofuels_waste,153237.63930143067
151,2047,reg1,BW_supply,Biofuels_waste,153263.61509010207
152,2048,reg1,BW_supply,Biofuels_waste,153289.74211937567
153,2049,reg1,BW_supply,Biofuels_waste,153316.02126983
154,2050,reg1,BW_supply,Biofuels_waste,153342.4534271704
155,2020,reg1,Bio_oil_supply,Bio_oil,0.0
156,2021,reg1,Bio_oil_supply,Bio_oil,1836.0666585324693
157,2022,reg1,Bio_oil_supply,Bio_oil,2216.4031434959725
158,2023,reg1,Bio_oil_supply,Bio_oil,2586.785466206758
159,2024,reg1,Bio_oil_supply,Bio_oil,2944.342212262397
160,2025,reg1,Bio_oil_supply,Bio_oil,3286.3951407781105
161,2026,reg1,Bio_oil_supply,Bio_oil,3749.883396252458
162,2027,reg1,Bio_oil_supply,Bio_oil,4179.048431402252
163,2028,reg1,Bio_oil_supply,Bio_oil,4573.194399377227
164,2029,reg1,Bio_oil_supply,Bio_oil,4931.578435511591
165,2030,reg1,Bio_oil_supply,Bio_oil,5253.406444549031
166,2031,reg1,Bio_oil_supply,Bio_oil,5105.579265584779
167,2032,reg1,Bio_oil_supply,Bio_oil,4962.548049945593
168,2033,reg1,Bio_oil_supply,Bio_oil,4821.711671133055
169,2034,reg1,Bio_oil_supply,Bio_oil,4685.872990242562
170,2035,reg1,Bio_oil_supply,Bio_oil,4555.944666563086
171,2036,reg1,Bio_oil_supply,Bio_oil,4517.865129051514
172,2037,reg1,Bio_oil_supply,Bio_oil,4308.501598916855
173,2038,reg1,Bio_oil_supply,Bio_oil,4189.492163511625
174,2039,reg1,Bio_oil_supply,Bio_oil,4076.782972202954
175,2040,reg1,Bio_oil_supply,Bio_oil,3971.2163028493596
176,2041,reg1,Bio_oil_supply,Bio_oil,3805.9225192772956
177,2042,reg1,Bio_oil_supply,Bio_oil,3670.4128020768003
178,2043,reg1,Bio_oil_supply,Bio_oil,3577.353873851711
179,2044,reg1,Bio_oil_supply,Bio_oil,3524.478388516861
180,2045,reg1,Bio_oil_supply,Bio_oil,3510.0648236474126
181,2046,reg1,Bio_oil_supply,Bio_oil,3526.159917330368
182,2047,reg1,Bio_oil_supply,Bio_oil,3577.5635438805375
183,2048,reg1,Bio_oil_supply,Bio_oil,3663.8431188473505
184,2049,reg1,Bio_oil_supply,Bio_oil,3784.9913920240333
185,2050,reg1,Bio_oil_supply,Bio_oil,3941.4145545883034
186,2020,reg1,UO2_SMR_supply ,UO2_SMR_fuel,0.0
187,2021,reg1,UO2_SMR_supply ,UO2_SMR_fuel,0.0
188,2022,reg1,UO2_SMR_supply ,UO2_SMR_fuel,0.0
189,2023,reg1,UO2_SMR_supply ,UO2_SMR_fuel,0.0
190,2024,reg1,UO2_SMR_supply ,UO2_SMR_fuel,0.0
191,2025,reg1,UO2_SMR_supply ,UO2_SMR_fuel,0.0
192,2026,reg1,UO2_SMR_supply ,UO2_SMR_fuel,0.0
193,2027,reg1,UO2_SMR_supply ,UO2_SMR_fuel,0.0
194,2028,reg1,UO2_SMR_supply ,UO2_SMR_fuel,0.0
195,2029,reg1,UO2_SMR_supply ,UO2_SMR_fuel,0.0
196,2030,reg1,UO2_SMR_supply ,UO2_SMR_fuel,0.0
197,2031,reg1,UO2_SMR_supply ,UO2_SMR_fuel,0.0
198,2032,reg1,UO2_SMR_supply ,UO2_SMR_fuel,0.0
199,2033,reg1,UO2_SMR_supply ,UO2_SMR_fuel,0.0
200,2034,reg1,UO2_SMR_supply ,UO2_SMR_fuel,0.0
201,2035,reg1,UO2_SMR_supply ,UO2_SMR_fuel,0.0
202,2036,reg1,UO2_SMR_supply ,UO2_SMR_fuel,0.0
203,2037,reg1,UO2_SMR_supply ,UO2_SMR_fuel,0.0
204,2038,reg1,UO2_SMR_supply ,UO2_SMR_fuel,0.0
205,2039,reg1,UO2_SMR_supply ,UO2_SMR_fuel,0.0
206,2040,reg1,UO2_SMR_supply ,UO2_SMR_fuel,0.0
207,2041,reg1,UO2_SMR_supply ,UO2_SMR_fuel,0.0
208,2042,reg1,UO2_SMR_supply ,UO2_SMR_fuel,0.0
209,2043,reg1,UO2_SMR_supply ,UO2_SMR_fuel,0.0
210,2044,reg1,UO2_SMR_supply ,UO2_SMR_fuel,0.0
211,2045,reg1,UO2_SMR_supply ,UO2_SMR_fuel,0.0
212,2046,reg1,UO2_SMR_supply ,UO2_SMR_fuel,0.0
213,2047,reg1,UO2_SMR_supply ,UO2_SMR_fuel,0.0
214,2048,reg1,UO2_SMR_supply ,UO2_SMR_fuel,0.0
215,2049,reg1,UO2_SMR_supply ,UO2_SMR_fuel,0.0
216,2050,reg1,UO2_SMR_supply ,UO2_SMR_fuel,0.0
217,2020,reg1,MOX_AMR_supply ,MOX_AMR_fuel,0.0
218,2021,reg1,MOX_AMR_supply ,MOX_AMR_fuel,0.0
219,2022,reg1,MOX_AMR_supply ,MOX_AMR_fuel,0.0
220,2023,reg1,MOX_AMR_supply ,MOX_AMR_fuel,0.0
221,2024,reg1,MOX_AMR_supply ,MOX_AMR_fuel,0.0
222,2025,reg1,MOX_AMR_supply ,MOX_AMR_fuel,0.0
223,2026,reg1,MOX_AMR_supply ,MOX_AMR_fuel,0.0
224,2027,reg1,MOX_AMR_supply ,MOX_AMR_fuel,0.0
225,2028,reg1,MOX_AMR_supply ,MOX_AMR_fuel,0.0
226,2029,reg1,MOX_AMR_supply ,MOX_AMR_fuel,0.0
227,2030,reg1,MOX_AMR_supply ,MOX_AMR_fuel,0.0
228,2031,reg1,MOX_AMR_supply ,MOX_AMR_fuel,0.0
229,2032,reg1,MOX_AMR_supply ,MOX_AMR_fuel,0.0
230,2033,reg1,MOX_AMR_supply ,MOX_AMR_fuel,0.0
231,2034,reg1,MOX_AMR_supply ,MOX_AMR_fuel,0.0
232,2035,reg1,MOX_AMR_supply ,MOX_AMR_fuel,0.0
233,2036,reg1,MOX_AMR_supply ,MOX_AMR_fuel,0.0
234,2037,reg1,MOX_AMR_supply ,MOX_AMR_fuel,0.0
235,2038,reg1,MOX_AMR_supply ,MOX_AMR_fuel,0.0
236,2039,reg1,MOX_AMR_supply ,MOX_AMR_fuel,0.0
237,2040,reg1,MOX_AMR_supply ,MOX_AMR_fuel,0.0
238,2041,reg1,MOX_AMR_supply ,MOX_AMR_fuel,0.0
239,2042,reg1,MOX_AMR_supply ,MOX_AMR_fuel,0.0
240,2043,reg1,MOX_AMR_supply ,MOX_AMR_fuel,0.0
241,2044,reg1,MOX_AMR_supply ,MOX_AMR_fuel,0.0
242,2045,reg1,MOX_AMR_supply ,MOX_AMR_fuel,0.0
243,2046,reg1,MOX_AMR_supply ,MOX_AMR_fuel,0.0
244,2047,reg1,MOX_AMR_supply ,MOX_AMR_fuel,0.0
245,2048,reg1,MOX_AMR_supply ,MOX_AMR_fuel,0.0
246,2049,reg1,MOX_AMR_supply ,MOX_AMR_fuel,0.0
247,2050,reg1,MOX_AMR_supply ,MOX_AMR_fuel,0.0
248,2020,reg1,UO2_G3+_supply ,UO2_G3+_fuel,0.0
249,2021,reg1,UO2_G3+_supply ,UO2_G3+_fuel,0.0
250,2022,reg1,UO2_G3+_supply ,UO2_G3+_fuel,0.0
251,2023,reg1,UO2_G3+_supply ,UO2_G3+_fuel,0.0
252,2024,reg1,UO2_G3+_supply ,UO2_G3+_fuel,0.0
253,2025,reg1,UO2_G3+_supply ,UO2_G3+_fuel,0.0
254,2026,reg1,UO2_G3+_supply ,UO2_G3+_fuel,0.0
255,2027,reg1,UO2_G3+_supply ,UO2_G3+_fuel,0.0
256,2028,reg1,UO2_G3+_supply ,UO2_G3+_fuel,0.0
257,2029,reg1,UO2_G3+_supply ,UO2_G3+_fuel,0.0
258,2030,reg1,UO2_G3+_supply ,UO2_G3+_fuel,0.0
259,2031,reg1,UO2_G3+_supply ,UO2_G3+_fuel,0.0
260,2032,reg1,UO2_G3+_supply ,UO2_G3+_fuel,0.0
261,2033,reg1,UO2_G3+_supply ,UO2_G3+_fuel,0.0
262,2034,reg1,UO2_G3+_supply ,UO2_G3+_fuel,0.0
263,2035,reg1,UO2_G3+_supply ,UO2_G3+_fuel,0.0
264,2036,reg1,UO2_G3+_supply ,UO2_G3+_fuel,0.0
265,2037,reg1,UO2_G3+_supply ,UO2_G3+_fuel,0.0
266,2038,reg1,UO2_G3+_supply ,UO2_G3+_fuel,0.0
267,2039,reg1,UO2_G3+_supply ,UO2_G3+_fuel,0.0
268,2040,reg1,UO2_G3+_supply ,UO2_G3+_fuel,0.0
269,2041,reg1,UO2_G3+_supply ,UO2_G3+_fuel,0.0
270,2042,reg1,UO2_G3+_supply ,UO2_G3+_fuel,0.0
271,2043,reg1,UO2_G3+_supply ,UO2_G3+_fuel,0.0
272,2044,reg1,UO2_G3+_supply ,UO2_G3+_fuel,0.0
273,2045,reg1,UO2_G3+_supply ,UO2_G3+_fuel,0.0
274,2046,reg1,UO2_G3+_supply ,UO2_G3+_fuel,0.0
275,2047,reg1,UO2_G3+_supply ,UO2_G3+_fuel,0.0
276,2048,reg1,UO2_G3+_supply ,UO2_G3+_fuel,0.0
277,2049,reg1,UO2_G3+_supply ,UO2_G3+_fuel,0.0
278,2050,reg1,UO2_G3+_supply ,UO2_G3+_fuel,0.0
279,2020,reg1,Geo_PP,Electricity,7231.817999999996
280,2021,reg1,Geo_PP,Electricity,7231.818000000003
281,2022,reg1,Geo_PP,Electricity,7231.818000000007
282,2023,reg1,Geo_PP,Electricity,7231.818000000003
283,2024,reg1,Geo_PP,Electricity,7231.818000000001
284,2025,reg1,Geo_PP,Electricity,7231.818000000005
285,2026,reg1,Geo_PP,Electricity,7231.818000000005
286,2027,reg1,Geo_PP,Electricity,7231.818000000007
287,2028,reg1,Geo_PP,Electricity,7231.818000000005
288,2029,reg1,Geo_PP,Electricity,7231.818000000007
289,2030,reg1,Geo_PP,Electricity,7231.818000000001
290,2031,reg1,Geo_PP,Electricity,7231.818000000007
291,2032,reg1,Geo_PP,Electricity,7231.818000000005
292,2033,reg1,Geo_PP,Electricity,7231.818000000001
293,2034,reg1,Geo_PP,Electricity,7231.818000000001
294,2035,reg1,Geo_PP,Electricity,7231.817999999999
295,2036,reg1,Geo_PP,Electricity,7231.818000000001
296,2037,reg1,Geo_PP,Electricity,7231.818000000001
297,2038,reg1,Geo_PP,Electricity,7231.818000000001
298,2039,reg1,Geo_PP,Electricity,7231.818
299,2040,reg1,Geo_PP,Electricity,7231.818000000003
300,2041,reg1,Geo_PP,Electricity,7231.818000000005
301,2042,reg1,Geo_PP,Electricity,7231.818000000005
302,2043,reg1,Geo_PP,Electricity,7231.818000000005
303,2044,reg1,Geo_PP,Electricity,7231.818000000005
304,2045,reg1,Geo_PP,Electricity,7231.818000000005
305,2046,reg1,Geo_PP,Electricity,7231.818000000005
306,2047,reg1,Geo_PP,Electricity,7231.818000000005
307,2048,reg1,Geo_PP,Electricity,7231.818000000005
308,2049,reg1,Geo_PP,Electricity,7231.818000000001
309,2050,reg1,Geo_PP,Electricity,7231.818000000001
310,2020,reg1,Solar_PV_PP,Electricity,31234.35757499999
311,2021,reg1,Solar_PV_PP,Electricity,31234.357574999998
312,2022,reg1,Solar_PV_PP,Electricity,31234.357575000005
313,2023,reg1,Solar_PV_PP,Electricity,31234.357574999995
314,2024,reg1,Solar_PV_PP,Electricity,31234.357574999995
315,2025,reg1,Solar_PV_PP,Electricity,31234.357574999998
316,2026,reg1,Solar_PV_PP,Electricity,31234.357575
317,2027,reg1,Solar_PV_PP,Electricity,31234.357575
318,2028,reg1,Solar_PV_PP,Electricity,31234.35757500001
319,2029,reg1,Solar_PV_PP,Electricity,31234.357575
320,2030,reg1,Solar_PV_PP,Electricity,31234.35757500001
321,2031,reg1,Solar_PV_PP,Electricity,31234.357575000005
322,2032,reg1,Solar_PV_PP,Electricity,31234.357575000005
323,2033,reg1,Solar_PV_PP,Electricity,31234.357575
324,2034,reg1,Solar_PV_PP,Electricity,31234.35757500001
325,2035,reg1,Solar_PV_PP,Electricity,31234.35757500001
326,2036,reg1,Solar_PV_PP,Electricity,31234.35757500001
327,2037,reg1,Solar_PV_PP,Electricity,31234.35757500001
328,2038,reg1,Solar_PV_PP,Electricity,31234.357575
329,2039,reg1,Solar_PV_PP,Electricity,31234.35757500001
330,2040,reg1,Solar_PV_PP,Electricity,31234.357574999987
331,2041,reg1,Solar_PV_PP,Electricity,31234.357574999987
332,2042,reg1,Solar_PV_PP,Electricity,31234.357574999987
333,2043,reg1,Solar_PV_PP,Electricity,31234.357574999987
334,2044,reg1,Solar_PV_PP,Electricity,31234.357574999987
335,2045,reg1,Solar_PV_PP,Electricity,31234.35757499999
336,2046,reg1,Solar_PV_PP,Electricity,31234.35757499999
337,2047,reg1,Solar_PV_PP,Electricity,31234.35757499999
338,2048,reg1,Solar_PV_PP,Electricity,33733.10618099999
339,2049,reg1,Solar_PV_PP,Electricity,32483.731877999984
340,2050,reg1,Solar_PV_PP,Electricity,31234.35757499999
341,2020,reg1,Wind_PP,Electricity,16379.466165875798
342,2021,reg1,Wind_PP,Electricity,16379.466165875796
343,2022,reg1,Wind_PP,Electricity,16379.466165875798
344,2023,reg1,Wind_PP,Electricity,16379.466165875798
345,2024,reg1,Wind_PP,Electricity,16379.466165875798
346,2025,reg1,Wind_PP,Electricity,16379.466165875803
347,2026,reg1,Wind_PP,Electricity,16379.4661658758
348,2027,reg1,Wind_PP,Electricity,16379.4661658758
349,2028,reg1,Wind_PP,Electricity,16379.466165875798
350,2029,reg1,Wind_PP,Electricity,16379.466165875801
351,2030,reg1,Wind_PP,Electricity,16379.466165875798
352,2031,reg1,Wind_PP,Electricity,16379.4661658758
353,2032,reg1,Wind_PP,Electricity,16379.466165875796
354,2033,reg1,Wind_PP,Electricity,16379.466165875794
355,2034,reg1,Wind_PP,Electricity,16379.466165875801
356,2035,reg1,Wind_PP,Electricity,16379.466165875801
357,2036,reg1,Wind_PP,Electricity,16379.466165875794
358,2037,reg1,Wind_PP,Electricity,16379.466165875801
359,2038,reg1,Wind_PP,Electricity,16379.466165875798
360,2039,reg1,Wind_PP,Electricity,16379.466165875801
361,2040,reg1,Wind_PP,Electricity,16379.4661658758
362,2041,reg1,Wind_PP,Electricity,16379.4661658758
363,2042,reg1,Wind_PP,Electricity,16379.4661658758
364,2043,reg1,Wind_PP,Electricity,16379.4661658758
365,2044,reg1,Wind_PP,Electricity,16379.4661658758
366,2045,reg1,Wind_PP,Electricity,16379.4661658758
367,2046,reg1,Wind_PP,Electricity,16379.4661658758
368,2047,reg1,Wind_PP,Electricity,16379.4661658758
369,2048,reg1,Wind_PP,Electricity,16379.4661658758
370,2049,reg1,Wind_PP,Electricity,16379.4661658758
371,2050,reg1,Wind_PP,Electricity,16379.4661658758
372,2020,reg1,Hydro_PP,Electricity,81017.9495999999
373,2021,reg1,Hydro_PP,Electricity,80158.66831636356
374,2022,reg1,Hydro_PP,Electricity,79299.3870327272
375,2023,reg1,Hydro_PP,Electricity,78440.10574909084
376,2024,reg1,Hydro_PP,Electricity,77580.82446545447
377,2025,reg1,Hydro_PP,Electricity,76721.54318181808
378,2026,reg1,Hydro_PP,Electricity,75862.26189818172
379,2027,reg1,Hydro_PP,Electricity,75002.98061454538
380,2028,reg1,Hydro_PP,Electricity,74143.699330909
381,2029,reg1,Hydro_PP,Electricity,73284.41804727263
382,2030,reg1,Hydro_PP,Electricity,72425.13676363628
383,2031,reg1,Hydro_PP,Electricity,71565.85547999993
384,2032,reg1,Hydro_PP,Electricity,70706.57419636357
385,2033,reg1,Hydro_PP,Electricity,69847.29291272718
386,2034,reg1,Hydro_PP,Electricity,68988.01162909082
387,2035,reg1,Hydro_PP,Electricity,68128.73034545446
388,2036,reg1,Hydro_PP,Electricity,67269.4490618181
389,2037,reg1,Hydro_PP,Electricity,66410.16777818173
390,2038,reg1,Hydro_PP,Electricity,65550.88649454537
391,2039,reg1,Hydro_PP,Electricity,64691.60521090902
392,2040,reg1,Hydro_PP,Electricity,63832.323927272635
393,2041,reg1,Hydro_PP,Electricity,62973.042643636276
394,2042,reg1,Hydro_PP,Electricity,62113.76135999992
395,2043,reg1,Hydro_PP,Electricity,61254.48007636352
396,2044,reg1,Hydro_PP,Electricity,60395.19879272717
397,2045,reg1,Hydro_PP,Electricity,59535.917509090825
398,2046,reg1,Hydro_PP,Electricity,58676.63622545445
399,2047,reg1,Hydro_PP,Electricity,57817.354941818085
400,2048,reg1,Hydro_PP,Electricity,56958.07365818169
401,2049,reg1,Hydro_PP,Electricity,56098.792374545345
402,2050,reg1,Hydro_PP,Electricity,55239.51109090898
403,2020,reg1,Pump_hydro_PP,Electricity,2577.8438509090943
404,2021,reg1,Pump_hydro_PP,Electricity,2577.8438509090947
405,2022,reg1,Pump_hydro_PP,Electricity,2577.8438509090934
406,2023,reg1,Pump_hydro_PP,Electricity,2577.843850909093
407,2024,reg1,Pump_hydro_PP,Electricity,2577.843850909094
408,2025,reg1,Pump_hydro_PP,Electricity,2577.843850909095
409,2026,reg1,Pump_hydro_PP,Electricity,2577.843850909095
410,2027,reg1,Pump_hydro_PP,Electricity,2577.8438509090943
411,2028,reg1,Pump_hydro_PP,Electricity,2577.843850909094
412,2029,reg1,Pump_hydro_PP,Electricity,2577.8438509090943
413,2030,reg1,Pump_hydro_PP,Electricity,2577.8438509090943
414,2031,reg1,Pump_hydro_PP,Electricity,2577.8438509090947
415,2032,reg1,Pump_hydro_PP,Electricity,2615.449585090912
416,2033,reg1,Pump_hydro_PP,Electricity,2743.8546567272765
417,2034,reg1,Pump_hydro_PP,Electricity,2872.2597283636414
418,2035,reg1,Pump_hydro_PP,Electricity,3000.664800000004
419,2036,reg1,Pump_hydro_PP,Electricity,3000.664800000004
420,2037,reg1,Pump_hydro_PP,Electricity,3000.664800000003
421,2038,reg1,Pump_hydro_PP,Electricity,3000.6648000000037
422,2039,reg1,Pump_hydro_PP,Electricity,3000.6648000000055
423,2040,reg1,Pump_hydro_PP,Electricity,3000.664800000007
424,2041,reg1,Pump_hydro_PP,Electricity,3000.6648
425,2042,reg1,Pump_hydro_PP,Electricity,3000.6647999999977
426,2043,reg1,Pump_hydro_PP,Electricity,3000.664800000003
427,2044,reg1,Pump_hydro_PP,Electricity,3000.664800000003
428,2045,reg1,Pump_hydro_PP,Electricity,3000.664800000003
429,2046,reg1,Pump_hydro_PP,Electricity,3000.6648000000037
430,2047,reg1,Pump_hydro_PP,Electricity,3000.6648000000037
431,2048,reg1,Pump_hydro_PP,Electricity,3000.6648000000037
432,2049,reg1,Pump_hydro_PP,Electricity,3000.664800000004
433,2050,reg1,Pump_hydro_PP,Electricity,3000.6648000000037
434,2020,reg1,Electricity_imports,Electricity,0.0
435,2021,reg1,Electricity_imports,Electricity,0.0
436,2022,reg1,Electricity_imports,Electricity,0.0
437,2023,reg1,Electricity_imports,Electricity,0.0
438,2024,reg1,Electricity_imports,Electricity,0.0
439,2025,reg1,Electricity_imports,Electricity,0.0
440,2026,reg1,Electricity_imports,Electricity,0.0
441,2027,reg1,Electricity_imports,Electricity,0.0
442,2028,reg1,Electricity_imports,Electricity,0.0
443,2029,reg1,Electricity_imports,Electricity,0.0
444,2030,reg1,Electricity_imports,Electricity,1811.130369498567
445,2031,reg1,Electricity_imports,Electricity,9776.870686366661
446,2032,reg1,Electricity_imports,Electricity,20528.999414331054
447,2033,reg1,Electricity_imports,Electricity,30970.0295185541
448,2034,reg1,Electricity_imports,Electricity,35316.22237904737
449,2035,reg1,Electricity_imports,Electricity,33869.2013691296
450,2036,reg1,Electricity_imports,Electricity,30887.711542303914
451,2037,reg1,Electricity_imports,Electricity,27455.641410647815
452,2038,reg1,Electricity_imports,Electricity,23255.477260525557
453,2039,reg1,Electricity_imports,Electricity,19931.673126897003
454,2040,reg1,Electricity_imports,Electricity,17136.229096762054
455,2041,reg1,Electricity_imports,Electricity,14249.606643713543
456,2042,reg1,Electricity_imports,Electricity,11380.268226013064
457,2043,reg1,Electricity_imports,Electricity,11097.028813877101
458,2044,reg1,Electricity_imports,Electricity,10832.222701823066
459,2045,reg1,Electricity_imports,Electricity,10553.801427434762
460,2046,reg1,Electricity_imports,Electricity,10467.783180672639
461,2047,reg1,Electricity_imports,Electricity,10364.07225788102
462,2048,reg1,Electricity_imports,Electricity,10097.602341478632
463,2049,reg1,Electricity_imports,Electricity,10135.296679950154
464,2050,reg1,Electricity_imports,Electricity,10161.00593121779
465,2020,reg1,Geo_HP,Heat,4993.2
466,2021,reg1,Geo_HP,Heat,4993.200000000002
467,2022,reg1,Geo_HP,Heat,4993.199999999999
468,2023,reg1,Geo_HP,Heat,4993.2
469,2024,reg1,Geo_HP,Heat,4993.199999999997
470,2025,reg1,Geo_HP,Heat,4993.199999999999
471,2026,reg1,Geo_HP,Heat,4993.200000000001
472,2027,reg1,Geo_HP,Heat,4993.199999999998
473,2028,reg1,Geo_HP,Heat,4993.200000000001
474,2029,reg1,Geo_HP,Heat,4993.199999999999
475,2030,reg1,Geo_HP,Heat,4993.200000000001
476,2031,reg1,Geo_HP,Heat,4993.200000000001
477,2032,reg1,Geo_HP,Heat,4993.199999999999
478,2033,reg1,Geo_HP,Heat,4993.200000000002
479,2034,reg1,Geo_HP,Heat,5568.9864157152
480,2035,reg1,Geo_HP,Heat,8217.561052368697
481,2036,reg1,Geo_HP,Heat,10855.310507128217
482,2037,reg1,Geo_HP,Heat,13463.853207232176
483,2038,reg1,Geo_HP,Heat,15450.475139610673
484,2039,reg1,Geo_HP,Heat,15219.300339835154
485,2040,reg1,Geo_HP,Heat,15044.340125541663
486,2041,reg1,Geo_HP,Heat,14811.49883018612
487,2042,reg1,Geo_HP,Heat,14621.389566533291
488,2043,reg1,Geo_HP,Heat,14469.628669380994
489,2044,reg1,Geo_HP,Heat,14219.968669380998
490,2045,reg1,Geo_HP,Heat,13970.308669381002
491,2046,reg1,Geo_HP,Heat,13720.648669380993
492,2047,reg1,Geo_HP,Heat,13470.988669381002
493,2048,reg1,Geo_HP,Heat,13221.328669380997
494,2049,reg1,Geo_HP,Heat,12971.668669380997
495,2050,reg1,Geo_HP,Heat,12722.008669381006
496,2020,reg1,Pump_hydro_ST,Electricity,0.0
497,2021,reg1,Pump_hydro_ST,Electricity,0.0
498,2022,reg1,Pump_hydro_ST,Electricity,0.0
499,2023,reg1,Pump_hydro_ST,Electricity,0.0
500,2024,reg1,Pump_hydro_ST,Electricity,0.0
501,2025,reg1,Pump_hydro_ST,Electricity,0.0
502,2026,reg1,Pump_hydro_ST,Electricity,0.0
503,2027,reg1,Pump_hydro_ST,Electricity,0.0
504,2028,reg1,Pump_hydro_ST,Electricity,0.0
505,2029,reg1,Pump_hydro_ST,Electricity,0.0
506,2030,reg1,Pump_hydro_ST,Electricity,0.0
507,2031,reg1,Pump_hydro_ST,Electricity,0.0
508,2032,reg1,Pump_hydro_ST,Electricity,0.0
509,2033,reg1,Pump_hydro_ST,Electricity,0.0
510,2034,reg1,Pump_hydro_ST,Electricity,0.0
511,2035,reg1,Pump_hydro_ST,Electricity,0.0
512,2036,reg1,Pump_hydro_ST,Electricity,0.0
513,2037,reg1,Pump_hydro_ST,Electricity,0.0
514,2038,reg1,Pump_hydro_ST,Electricity,0.0
515,2039,reg1,Pump_hydro_ST,Electricity,0.0
516,2040,reg1,Pump_hydro_ST,Electricity,0.0
517,2041,reg1,Pump_hydro_ST,Electricity,0.0
518,2042,reg1,Pump_hydro_ST,Electricity,0.0
519,2043,reg1,Pump_hydro_ST,Electricity,0.0
520,2044,reg1,Pump_hydro_ST,Electricity,0.0
521,2045,reg1,Pump_hydro_ST,Electricity,0.0
522,2046,reg1,Pump_hydro_ST,Electricity,0.0
523,2047,reg1,Pump_hydro_ST,Electricity,0.0
524,2048,reg1,Pump_hydro_ST,Electricity,0.0
525,2049,reg1,Pump_hydro_ST,Electricity,0.0
526,2050,reg1,Pump_hydro_ST,Electricity,0.0
527,2020,reg1,Electrochemical_ST,Electricity,0.0
528,2021,reg1,Electrochemical_ST,Electricity,0.0
529,2022,reg1,Electrochemical_ST,Electricity,0.0
530,2023,reg1,Electrochemical_ST,Electricity,0.0
531,2024,reg1,Electrochemical_ST,Electricity,0.0
532,2025,reg1,Electrochemical_ST,Electricity,0.0
533,2026,reg1,Electrochemical_ST,Electricity,0.0
534,2027,reg1,Electrochemical_ST,Electricity,0.0
535,2028,reg1,Electrochemical_ST,Electricity,0.0
536,2029,reg1,Electrochemical_ST,Electricity,0.0
537,2030,reg1,Electrochemical_ST,Electricity,0.0
538,2031,reg1,Electrochemical_ST,Electricity,0.0
539,2032,reg1,Electrochemical_ST,Electricity,0.0
540,2033,reg1,Electrochemical_ST,Electricity,0.0
541,2034,reg1,Electrochemical_ST,Electricity,0.0
542,2035,reg1,Electrochemical_ST,Electricity,0.0
543,2036,reg1,Electrochemical_ST,Electricity,0.0
544,2037,reg1,Electrochemical_ST,Electricity,0.0
545,2038,reg1,Electrochemical_ST,Electricity,0.0
546,2039,reg1,Electrochemical_ST,Electricity,0.0
547,2040,reg1,Electrochemical_ST,Electricity,0.0
548,2041,reg1,Electrochemical_ST,Electricity,0.0
549,2042,reg1,Electrochemical_ST,Electricity,0.0
550,2043,reg1,Electrochemical_ST,Electricity,0.0
551,2044,reg1,Electrochemical_ST,Electricity,0.0
552,2045,reg1,Electrochemical_ST,Electricity,0.0
553,2046,reg1,Electrochemical_ST,Electricity,0.0
554,2047,reg1,Electrochemical_ST,Electricity,0.0
555,2048,reg1,Electrochemical_ST,Electricity,0.0
556,2049,reg1,Electrochemical_ST,Electricity,0.0
557,2050,reg1,Electrochemical_ST,Electricity,0.0
558,2020,reg1,Hydrogen_ST,Hydrogen,0.0
559,2021,reg1,Hydrogen_ST,Hydrogen,0.0
560,2022,reg1,Hydrogen_ST,Hydrogen,0.0
561,2023,reg1,Hydrogen_ST,Hydrogen,0.0
562,2024,reg1,Hydrogen_ST,Hydrogen,0.0
563,2025,reg1,Hydrogen_ST,Hydrogen,0.0
564,2026,reg1,Hydrogen_ST,Hydrogen,0.0
565,2027,reg1,Hydrogen_ST,Hydrogen,0.0
566,2028,reg1,Hydrogen_ST,Hydrogen,0.0
567,2029,reg1,Hydrogen_ST,Hydrogen,0.0
568,2030,reg1,Hydrogen_ST,Hydrogen,0.0
569,2031,reg1,Hydrogen_ST,Hydrogen,0.0
570,2032,reg1,Hydrogen_ST,Hydrogen,0.0
571,2033,reg1,Hydrogen_ST,Hydrogen,0.0
572,2034,reg1,Hydrogen_ST,Hydrogen,0.0
573,2035,reg1,Hydrogen_ST,Hydrogen,0.0
574,2036,reg1,Hydrogen_ST,Hydrogen,0.0
575,2037,reg1,Hydrogen_ST,Hydrogen,0.0
576,2038,reg1,Hydrogen_ST,Hydrogen,0.0
577,2039,reg1,Hydrogen_ST,Hydrogen,0.0
578,2040,reg1,Hydrogen_ST,Hydrogen,0.0
579,2041,reg1,Hydrogen_ST,Hydrogen,0.0
580,2042,reg1,Hydrogen_ST,Hydrogen,0.0
581,2043,reg1,Hydrogen_ST,Hydrogen,0.0
582,2044,reg1,Hydrogen_ST,Hydrogen,0.0
583,2045,reg1,Hydrogen_ST,Hydrogen,0.0
584,2046,reg1,Hydrogen_ST,Hydrogen,0.0
585,2047,reg1,Hydrogen_ST,Hydrogen,0.0
586,2048,reg1,Hydrogen_ST,Hydrogen,0.0
587,2049,reg1,Hydrogen_ST,Hydrogen,0.0
588,2050,reg1,Hydrogen_ST,Hydrogen,0.0
589,2020,reg1,SMR,Hydrogen,0.0
590,2021,reg1,SMR,Hydrogen,4797.002813767923
591,2022,reg1,SMR,Hydrogen,5287.595214228419
592,2023,reg1,SMR,Hydrogen,5779.821269253916
593,2024,reg1,SMR,Hydrogen,6269.521678789819
594,2025,reg1,SMR,Hydrogen,6752.550072543631
595,2026,reg1,SMR,Hydrogen,7296.31933604631
596,2027,reg1,SMR,Hydrogen,7798.030828426588
597,2028,reg1,SMR,Hydrogen,8258.428599122479
598,2029,reg1,SMR,Hydrogen,8678.255736237552
599,2030,reg1,SMR,Hydrogen,10599.928548735015
600,2031,reg1,SMR,Hydrogen,11484.35865593176
601,2032,reg1,SMR,Hydrogen,12727.211392016958
602,2033,reg1,SMR,Hydrogen,14447.61724045622
603,2034,reg1,SMR,Hydrogen,16453.553987091556
604,2035,reg1,SMR,Hydrogen,19063.288815498814
605,2036,reg1,SMR,Hydrogen,22418.86180576061
606,2037,reg1,SMR,Hydrogen,24525.16615254103
607,2038,reg1,SMR,Hydrogen,26848.180565357456
608,2039,reg1,SMR,Hydrogen,28950.307727710737
609,2040,reg1,SMR,Hydrogen,31137.25755996331
610,2041,reg1,SMR,Hydrogen,32949.888490223464
611,2042,reg1,SMR,Hydrogen,34795.82838158949
612,2043,reg1,SMR,Hydrogen,36747.44580366263
613,2044,reg1,SMR,Hydrogen,38839.5433016534
614,2045,reg1,SMR,Hydrogen,40622.606813366045
615,2046,reg1,SMR,Hydrogen,41431.8957672477
616,2047,reg1,SMR,Hydrogen,42401.85644801342
617,2048,reg1,SMR,Hydrogen,43531.46765681406
618,2049,reg1,SMR,Hydrogen,44821.39378312076
619,2050,reg1,SMR,Hydrogen,46275.005483608074
620,2020,reg1,SMR_CCS,Hydrogen,0.0
621,2021,reg1,SMR_CCS,Hydrogen,0.0
622,2022,reg1,SMR_CCS,Hydrogen,0.0
623,2023,reg1,SMR_CCS,Hydrogen,0.0
624,2024,reg1,SMR_CCS,Hydrogen,0.0
625,2025,reg1,SMR_CCS,Hydrogen,0.0
626,2026,reg1,SMR_CCS,Hydrogen,0.0
627,2027,reg1,SMR_CCS,Hydrogen,0.0
628,2028,reg1,SMR_CCS,Hydrogen,0.0
629,2029,reg1,SMR_CCS,Hydrogen,0.0
630,2030,reg1,SMR_CCS,Hydrogen,0.0
631,2031,reg1,SMR_CCS,Hydrogen,0.0
632,2032,reg1,SMR_CCS,Hydrogen,0.0
633,2033,reg1,SMR_CCS,Hydrogen,0.0
634,2034,reg1,SMR_CCS,Hydrogen,0.0
635,2035,reg1,SMR_CCS,Hydrogen,0.0
636,2036,reg1,SMR_CCS,Hydrogen,0.0
637,2037,reg1,SMR_CCS,Hydrogen,0.0
638,2038,reg1,SMR_CCS,Hydrogen,0.0
639,2039,reg1,SMR_CCS,Hydrogen,0.0
640,2040,reg1,SMR_CCS,Hydrogen,0.0
641,2041,reg1,SMR_CCS,Hydrogen,0.0
642,2042,reg1,SMR_CCS,Hydrogen,0.0
643,2043,reg1,SMR_CCS,Hydrogen,0.0
644,2044,reg1,SMR_CCS,Hydrogen,0.0
645,2045,reg1,SMR_CCS,Hydrogen,0.0
646,2046,reg1,SMR_CCS,Hydrogen,0.0
647,2047,reg1,SMR_CCS,Hydrogen,0.0
648,2048,reg1,SMR_CCS,Hydrogen,0.0
649,2049,reg1,SMR_CCS,Hydrogen,0.0
650,2050,reg1,SMR_CCS,Hydrogen,0.0
651,2020,reg1,Methane_pyrolysis,Hydrogen,0.0
652,2021,reg1,Methane_pyrolysis,Hydrogen,0.0
653,2022,reg1,Methane_pyrolysis,Hydrogen,0.0
654,2023,reg1,Methane_pyrolysis,Hydrogen,0.0
655,2024,reg1,Methane_pyrolysis,Hydrogen,0.0
656,2025,reg1,Methane_pyrolysis,Hydrogen,0.0
657,2026,reg1,Methane_pyrolysis,Hydrogen,0.0
658,2027,reg1,Methane_pyrolysis,Hydrogen,0.0
659,2028,reg1,Methane_pyrolysis,Hydrogen,0.0
660,2029,reg1,Methane_pyrolysis,Hydrogen,0.0
661,2030,reg1,Methane_pyrolysis,Hydrogen,0.0
662,2031,reg1,Methane_pyrolysis,Hydrogen,0.0
663,2032,reg1,Methane_pyrolysis,Hydrogen,0.0
664,2033,reg1,Methane_pyrolysis,Hydrogen,0.0
665,2034,reg1,Methane_pyrolysis,Hydrogen,0.0
666,2035,reg1,Methane_pyrolysis,Hydrogen,0.0
667,2036,reg1,Methane_pyrolysis,Hydrogen,0.0
668,2037,reg1,Methane_pyrolysis,Hydrogen,0.0
669,2038,reg1,Methane_pyrolysis,Hydrogen,0.0
670,2039,reg1,Methane_pyrolysis,Hydrogen,0.0
671,2040,reg1,Methane_pyrolysis,Hydrogen,0.0
672,2041,reg1,Methane_pyrolysis,Hydrogen,0.0
673,2042,reg1,Methane_pyrolysis,Hydrogen,0.0
674,2043,reg1,Methane_pyrolysis,Hydrogen,0.0
675,2044,reg1,Methane_pyrolysis,Hydrogen,0.0
676,2045,reg1,Methane_pyrolysis,Hydrogen,0.0
677,2046,reg1,Methane_pyrolysis,Hydrogen,0.0
678,2047,reg1,Methane_pyrolysis,Hydrogen,0.0
679,2048,reg1,Methane_pyrolysis,Hydrogen,0.0
680,2049,reg1,Methane_pyrolysis,Hydrogen,0.0
681,2050,reg1,Methane_pyrolysis,Hydrogen,0.0
682,2020,reg1,Electrolysis,Hydrogen,0.0
683,2021,reg1,Electrolysis,Hydrogen,0.0
684,2022,reg1,Electrolysis,Hydrogen,0.0
685,2023,reg1,Electrolysis,Hydrogen,0.0
686,2024,reg1,Electrolysis,Hydrogen,0.0
687,2025,reg1,Electrolysis,Hydrogen,0.0
688,2026,reg1,Electrolysis,Hydrogen,0.0
689,2027,reg1,Electrolysis,Hydrogen,0.0
690,2028,reg1,Electrolysis,Hydrogen,0.0
691,2029,reg1,Electrolysis,Hydrogen,0.0
692,2030,reg1,Electrolysis,Hydrogen,0.0
693,2031,reg1,Electrolysis,Hydrogen,0.0
694,2032,reg1,Electrolysis,Hydrogen,0.0
695,2033,reg1,Electrolysis,Hydrogen,0.0
696,2034,reg1,Electrolysis,Hydrogen,0.0
697,2035,reg1,Electrolysis,Hydrogen,0.0
698,2036,reg1,Electrolysis,Hydrogen,0.0
699,2037,reg1,Electrolysis,Hydrogen,0.0
700,2038,reg1,Electrolysis,Hydrogen,0.0
701,2039,reg1,Electrolysis,Hydrogen,0.0
702,2040,reg1,Electrolysis,Hydrogen,0.0
703,2041,reg1,Electrolysis,Hydrogen,0.0
704,2042,reg1,Electrolysis,Hydrogen,0.0
705,2043,reg1,Electrolysis,Hydrogen,0.0
706,2044,reg1,Electrolysis,Hydrogen,0.0
707,2045,reg1,Electrolysis,Hydrogen,0.0
708,2046,reg1,Electrolysis,Hydrogen,0.0
709,2047,reg1,Electrolysis,Hydrogen,0.0
710,2048,reg1,Electrolysis,Hydrogen,0.0
711,2049,reg1,Electrolysis,Hydrogen,0.0
712,2050,reg1,Electrolysis,Hydrogen,0.0
713,2020,reg1,SFF_PP,Electricity,19638.497376000014
714,2021,reg1,SFF_PP,Electricity,18852.95748096
715,2022,reg1,SFF_PP,Electricity,18067.417585920004
716,2023,reg1,SFF_PP,Electricity,17281.877690880006
717,2024,reg1,SFF_PP,Electricity,16496.337795839994
718,2025,reg1,SFF_PP,Electricity,15710.797900800007
719,2026,reg1,SFF_PP,Electricity,14925.258005760012
720,2027,reg1,SFF_PP,Electricity,14139.71811072001
721,2028,reg1,SFF_PP,Electricity,13354.178215680004
722,2029,reg1,SFF_PP,Electricity,12568.638320640006
723,2030,reg1,SFF_PP,Electricity,11783.098425600012
724,2031,reg1,SFF_PP,Electricity,10997.558530560016
725,2032,reg1,SFF_PP,Electricity,10212.018635520013
726,2033,reg1,SFF_PP,Electricity,9426.478740480008
727,2034,reg1,SFF_PP,Electricity,8640.938845440014
728,2035,reg1,SFF_PP,Electricity,7855.398950400011
729,2036,reg1,SFF_PP,Electricity,7069.859055360012
730,2037,reg1,SFF_PP,Electricity,6284.31916032001
731,2038,reg1,SFF_PP,Electricity,5498.779265280011
732,2039,reg1,SFF_PP,Electricity,4713.239370240011
733,2040,reg1,SFF_PP,Electricity,3927.699475200009
734,2041,reg1,SFF_PP,Electricity,3142.1595801600106
735,2042,reg1,SFF_PP,Electricity,2356.619685120009
736,2043,reg1,SFF_PP,Electricity,1571.0797900800112
737,2044,reg1,SFF_PP,Electricity,785.5398950400095
738,2045,reg1,SFF_PP,Electricity,0.0
739,2046,reg1,SFF_PP,Electricity,0.0
740,2047,reg1,SFF_PP,Electricity,0.0
741,2048,reg1,SFF_PP,Electricity,0.0
742,2049,reg1,SFF_PP,Electricity,0.0
743,2050,reg1,SFF_PP,Electricity,0.0
744,2020,reg1,Oil_PP,Electricity,0.0
745,2021,reg1,Oil_PP,Electricity,0.0
746,2022,reg1,Oil_PP,Electricity,0.0
747,2023,reg1,Oil_PP,Electricity,0.0
748,2024,reg1,Oil_PP,Electricity,0.0
749,2025,reg1,Oil_PP,Electricity,0.0
750,2026,reg1,Oil_PP,Electricity,0.0
751,2027,reg1,Oil_PP,Electricity,0.0
752,2028,reg1,Oil_PP,Electricity,0.0
753,2029,reg1,Oil_PP,Electricity,0.0
754,2030,reg1,Oil_PP,Electricity,0.0
755,2031,reg1,Oil_PP,Electricity,0.0
756,2032,reg1,Oil_PP,Electricity,0.0
757,2033,reg1,Oil_PP,Electricity,204.527760651265
758,2034,reg1,Oil_PP,Electricity,1614.857068718615
759,2035,reg1,Oil_PP,Electricity,1469.0423005224052
760,2036,reg1,Oil_PP,Electricity,1436.3873243619776
761,2037,reg1,Oil_PP,Electricity,1203.892886078925
762,2038,reg1,Oil_PP,Electricity,1000.4153599999987
763,2039,reg1,Oil_PP,Electricity,857.4988799999987
764,2040,reg1,Oil_PP,Electricity,714.5823999999989
765,2041,reg1,Oil_PP,Electricity,571.6659199999988
766,2042,reg1,Oil_PP,Electricity,428.7494399999989
767,2043,reg1,Oil_PP,Electricity,285.83295999999893
768,2044,reg1,Oil_PP,Electricity,142.91647999999896
769,2045,reg1,Oil_PP,Electricity,0.0
770,2046,reg1,Oil_PP,Electricity,0.0
771,2047,reg1,Oil_PP,Electricity,0.0
772,2048,reg1,Oil_PP,Electricity,0.0
773,2049,reg1,Oil_PP,Electricity,0.0
774,2050,reg1,Oil_PP,Electricity,0.0
775,2020,reg1,Nuc_SMR,CHP_SMR_Heat,0.0
776,2021,reg1,Nuc_SMR,CHP_SMR_Heat,0.0
777,2022,reg1,Nuc_SMR,CHP_SMR_Heat,0.0
778,2023,reg1,Nuc_SMR,CHP_SMR_Heat,0.0
779,2024,reg1,Nuc_SMR,CHP_SMR_Heat,0.0
780,2025,reg1,Nuc_SMR,CHP_SMR_Heat,0.0
781,2026,reg1,Nuc_SMR,CHP_SMR_Heat,0.0
782,2027,reg1,Nuc_SMR,CHP_SMR_Heat,0.0
783,2028,reg1,Nuc_SMR,CHP_SMR_Heat,0.0
784,2029,reg1,Nuc_SMR,CHP_SMR_Heat,0.0
785,2030,reg1,Nuc_SMR,CHP_SMR_Heat,0.0
786,2031,reg1,Nuc_SMR,CHP_SMR_Heat,0.0
787,2032,reg1,Nuc_SMR,CHP_SMR_Heat,0.0
788,2033,reg1,Nuc_SMR,CHP_SMR_Heat,0.0
789,2034,reg1,Nuc_SMR,CHP_SMR_Heat,0.0
790,2035,reg1,Nuc_SMR,CHP_SMR_Heat,0.0
791,2036,reg1,Nuc_SMR,CHP_SMR_Heat,0.0
792,2037,reg1,Nuc_SMR,CHP_SMR_Heat,0.0
793,2038,reg1,Nuc_SMR,CHP_SMR_Heat,0.0
794,2039,reg1,Nuc_SMR,CHP_SMR_Heat,0.0
795,2040,reg1,Nuc_SMR,CHP_SMR_Heat,0.0
796,2041,reg1,Nuc_SMR,CHP_SMR_Heat,0.0
797,2042,reg1,Nuc_SMR,CHP_SMR_Heat,0.0
798,2043,reg1,Nuc_SMR,CHP_SMR_Heat,0.0
799,2044,reg1,Nuc_SMR,CHP_SMR_Heat,0.0
800,2045,reg1,Nuc_SMR,CHP_SMR_Heat,0.0
801,2046,reg1,Nuc_SMR,CHP_SMR_Heat,0.0
802,2047,reg1,Nuc_SMR,CHP_SMR_Heat,0.0
803,2048,reg1,Nuc_SMR,CHP_SMR_Heat,0.0
804,2049,reg1,Nuc_SMR,CHP_SMR_Heat,0.0
805,2050,reg1,Nuc_SMR,CHP_SMR_Heat,0.0
806,2020,reg1,Nuc_AMR,CHP_AMR_Heat,0.0
807,2021,reg1,Nuc_AMR,CHP_AMR_Heat,0.0
808,2022,reg1,Nuc_AMR,CHP_AMR_Heat,0.0
809,2023,reg1,Nuc_AMR,CHP_AMR_Heat,0.0
810,2024,reg1,Nuc_AMR,CHP_AMR_Heat,0.0
811,2025,reg1,Nuc_AMR,CHP_AMR_Heat,0.0
812,2026,reg1,Nuc_AMR,CHP_AMR_Heat,0.0
813,2027,reg1,Nuc_AMR,CHP_AMR_Heat,0.0
814,2028,reg1,Nuc_AMR,CHP_AMR_Heat,0.0
815,2029,reg1,Nuc_AMR,CHP_AMR_Heat,0.0
816,2030,reg1,Nuc_AMR,CHP_AMR_Heat,0.0
817,2031,reg1,Nuc_AMR,CHP_AMR_Heat,0.0
818,2032,reg1,Nuc_AMR,CHP_AMR_Heat,0.0
819,2033,reg1,Nuc_AMR,CHP_AMR_Heat,0.0
820,2034,reg1,Nuc_AMR,CHP_AMR_Heat,0.0
821,2035,reg1,Nuc_AMR,CHP_AMR_Heat,0.0
822,2036,reg1,Nuc_AMR,CHP_AMR_Heat,0.0
823,2037,reg1,Nuc_AMR,CHP_AMR_Heat,0.0
824,2038,reg1,Nuc_AMR,CHP_AMR_Heat,0.0
825,2039,reg1,Nuc_AMR,CHP_AMR_Heat,0.0
826,2040,reg1,Nuc_AMR,CHP_AMR_Heat,0.0
827,2041,reg1,Nuc_AMR,CHP_AMR_Heat,0.0
828,2042,reg1,Nuc_AMR,CHP_AMR_Heat,0.0
829,2043,reg1,Nuc_AMR,CHP_AMR_Heat,0.0
830,2044,reg1,Nuc_AMR,CHP_AMR_Heat,0.0
831,2045,reg1,Nuc_AMR,CHP_AMR_Heat,0.0
832,2046,reg1,Nuc_AMR,CHP_AMR_Heat,0.0
833,2047,reg1,Nuc_AMR,CHP_AMR_Heat,0.0
834,2048,reg1,Nuc_AMR,CHP_AMR_Heat,0.0
835,2049,reg1,Nuc_AMR,CHP_AMR_Heat,0.0
836,2050,reg1,Nuc_AMR,CHP_AMR_Heat,0.0
837,2020,reg1,Nuc_G3+,CHP_G3+_Heat,0.0
838,2021,reg1,Nuc_G3+,CHP_G3+_Heat,0.0
839,2022,reg1,Nuc_G3+,CHP_G3+_Heat,0.0
840,2023,reg1,Nuc_G3+,CHP_G3+_Heat,0.0
841,2024,reg1,Nuc_G3+,CHP_G3+_Heat,0.0
842,2025,reg1,Nuc_G3+,CHP_G3+_Heat,0.0
843,2026,reg1,Nuc_G3+,CHP_G3+_Heat,0.0
844,2027,reg1,Nuc_G3+,CHP_G3+_Heat,0.0
845,2028,reg1,Nuc_G3+,CHP_G3+_Heat,0.0
846,2029,reg1,Nuc_G3+,CHP_G3+_Heat,0.0
847,2030,reg1,Nuc_G3+,CHP_G3+_Heat,0.0
848,2031,reg1,Nuc_G3+,CHP_G3+_Heat,0.0
849,2032,reg1,Nuc_G3+,CHP_G3+_Heat,0.0
850,2033,reg1,Nuc_G3+,CHP_G3+_Heat,0.0
851,2034,reg1,Nuc_G3+,CHP_G3+_Heat,0.0
852,2035,reg1,Nuc_G3+,CHP_G3+_Heat,0.0
853,2036,reg1,Nuc_G3+,CHP_G3+_Heat,0.0
854,2037,reg1,Nuc_G3+,CHP_G3+_Heat,0.0
855,2038,reg1,Nuc_G3+,CHP_G3+_Heat,0.0
856,2039,reg1,Nuc_G3+,CHP_G3+_Heat,0.0
857,2040,reg1,Nuc_G3+,CHP_G3+_Heat,0.0
858,2041,reg1,Nuc_G3+,CHP_G3+_Heat,0.0
859,2042,reg1,Nuc_G3+,CHP_G3+_Heat,0.0
860,2043,reg1,Nuc_G3+,CHP_G3+_Heat,0.0
861,2044,reg1,Nuc_G3+,CHP_G3+_Heat,0.0
862,2045,reg1,Nuc_G3+,CHP_G3+_Heat,0.0
863,2046,reg1,Nuc_G3+,CHP_G3+_Heat,0.0
864,2047,reg1,Nuc_G3+,CHP_G3+_Heat,0.0
865,2048,reg1,Nuc_G3+,CHP_G3+_Heat,0.0
866,2049,reg1,Nuc_G3+,CHP_G3+_Heat,0.0
867,2050,reg1,Nuc_G3+,CHP_G3+_Heat,0.0
868,2020,reg1,Nuc_SMR_Power,Electricity,0.0
869,2021,reg1,Nuc_SMR_Power,Electricity,0.0
870,2022,reg1,Nuc_SMR_Power,Electricity,0.0
871,2023,reg1,Nuc_SMR_Power,Electricity,0.0
872,2024,reg1,Nuc_SMR_Power,Electricity,0.0
873,2025,reg1,Nuc_SMR_Power,Electricity,0.0
874,2026,reg1,Nuc_SMR_Power,Electricity,0.0
875,2027,reg1,Nuc_SMR_Power,Electricity,0.0
876,2028,reg1,Nuc_SMR_Power,Electricity,0.0
877,2029,reg1,Nuc_SMR_Power,Electricity,0.0
878,2030,reg1,Nuc_SMR_Power,Electricity,0.0
879,2031,reg1,Nuc_SMR_Power,Electricity,0.0
880,2032,reg1,Nuc_SMR_Power,Electricity,0.0
881,2033,reg1,Nuc_SMR_Power,Electricity,0.0
882,2034,reg1,Nuc_SMR_Power,Electricity,0.0
883,2035,reg1,Nuc_SMR_Power,Electricity,0.0
884,2036,reg1,Nuc_SMR_Power,Electricity,0.0
885,2037,reg1,Nuc_SMR_Power,Electricity,0.0
886,2038,reg1,Nuc_SMR_Power,Electricity,0.0
887,2039,reg1,Nuc_SMR_Power,Electricity,0.0
888,2040,reg1,Nuc_SMR_Power,Electricity,0.0
889,2041,reg1,Nuc_SMR_Power,Electricity,0.0
890,2042,reg1,Nuc_SMR_Power,Electricity,0.0
891,2043,reg1,Nuc_SMR_Power,Electricity,0.0
892,2044,reg1,Nuc_SMR_Power,Electricity,0.0
893,2045,reg1,Nuc_SMR_Power,Electricity,0.0
894,2046,reg1,Nuc_SMR_Power,Electricity,0.0
895,2047,reg1,Nuc_SMR_Power,Electricity,0.0
896,2048,reg1,Nuc_SMR_Power,Electricity,0.0
897,2049,reg1,Nuc_SMR_Power,Electricity,0.0
898,2050,reg1,Nuc_SMR_Power,Electricity,0.0
899,2020,reg1,Nuc_AMR_Power,Electricity,0.0
900,2021,reg1,Nuc_AMR_Power,Electricity,0.0
901,2022,reg1,Nuc_AMR_Power,Electricity,0.0
902,2023,reg1,Nuc_AMR_Power,Electricity,0.0
903,2024,reg1,Nuc_AMR_Power,Electricity,0.0
904,2025,reg1,Nuc_AMR_Power,Electricity,0.0
905,2026,reg1,Nuc_AMR_Power,Electricity,0.0
906,2027,reg1,Nuc_AMR_Power,Electricity,0.0
907,2028,reg1,Nuc_AMR_Power,Electricity,0.0
908,2029,reg1,Nuc_AMR_Power,Electricity,0.0
909,2030,reg1,Nuc_AMR_Power,Electricity,0.0
910,2031,reg1,Nuc_AMR_Power,Electricity,0.0
911,2032,reg1,Nuc_AMR_Power,Electricity,0.0
912,2033,reg1,Nuc_AMR_Power,Electricity,0.0
913,2034,reg1,Nuc_AMR_Power,Electricity,0.0
914,2035,reg1,Nuc_AMR_Power,Electricity,0.0
915,2036,reg1,Nuc_AMR_Power,Electricity,0.0
916,2037,reg1,Nuc_AMR_Power,Electricity,0.0
917,2038,reg1,Nuc_AMR_Power,Electricity,0.0
918,2039,reg1,Nuc_AMR_Power,Electricity,0.0
919,2040,reg1,Nuc_AMR_Power,Electricity,0.0
920,2041,reg1,Nuc_AMR_Power,Electricity,0.0
921,2042,reg1,Nuc_AMR_Power,Electricity,0.0
922,2043,reg1,Nuc_AMR_Power,Electricity,0.0
923,2044,reg1,Nuc_AMR_Power,Electricity,0.0
924,2045,reg1,Nuc_AMR_Power,Electricity,0.0
925,2046,reg1,Nuc_AMR_Power,Electricity,0.0
926,2047,reg1,Nuc_AMR_Power,Electricity,0.0
927,2048,reg1,Nuc_AMR_Power,Electricity,0.0
928,2049,reg1,Nuc_AMR_Power,Electricity,0.0
929,2050,reg1,Nuc_AMR_Power,Electricity,0.0
930,2020,reg1,Nuc_G3+_Power,Electricity,0.0
931,2021,reg1,Nuc_G3+_Power,Electricity,0.0
932,2022,reg1,Nuc_G3+_Power,Electricity,0.0
933,2023,reg1,Nuc_G3+_Power,Electricity,0.0
934,2024,reg1,Nuc_G3+_Power,Electricity,0.0
935,2025,reg1,Nuc_G3+_Power,Electricity,0.0
936,2026,reg1,Nuc_G3+_Power,Electricity,0.0
937,2027,reg1,Nuc_G3+_Power,Electricity,0.0
938,2028,reg1,Nuc_G3+_Power,Electricity,0.0
939,2029,reg1,Nuc_G3+_Power,Electricity,0.0
940,2030,reg1,Nuc_G3+_Power,Electricity,0.0
941,2031,reg1,Nuc_G3+_Power,Electricity,0.0
942,2032,reg1,Nuc_G3+_Power,Electricity,0.0
943,2033,reg1,Nuc_G3+_Power,Electricity,0.0
944,2034,reg1,Nuc_G3+_Power,Electricity,0.0
945,2035,reg1,Nuc_G3+_Power,Electricity,0.0
946,2036,reg1,Nuc_G3+_Power,Electricity,0.0
947,2037,reg1,Nuc_G3+_Power,Electricity,0.0
948,2038,reg1,Nuc_G3+_Power,Electricity,0.0
949,2039,reg1,Nuc_G3+_Power,Electricity,0.0
950,2040,reg1,Nuc_G3+_Power,Electricity,0.0
951,2041,reg1,Nuc_G3+_Power,Electricity,0.0
952,2042,reg1,Nuc_G3+_Power,Electricity,0.0
953,2043,reg1,Nuc_G3+_Power,Electricity,0.0
954,2044,reg1,Nuc_G3+_Power,Electricity,0.0
955,2045,reg1,Nuc_G3+_Power,Electricity,0.0
956,2046,reg1,Nuc_G3+_Power,Electricity,0.0
957,2047,reg1,Nuc_G3+_Power,Electricity,0.0
958,2048,reg1,Nuc_G3+_Power,Electricity,0.0
959,2049,reg1,Nuc_G3+_Power,Electricity,0.0
960,2050,reg1,Nuc_G3+_Power,Electricity,0.0
961,2020,reg1,Nuc_SMR_Heat,Heat,0.0
962,2021,reg1,Nuc_SMR_Heat,Heat,0.0
963,2022,reg1,Nuc_SMR_Heat,Heat,0.0
964,2023,reg1,Nuc_SMR_Heat,Heat,0.0
965,2024,reg1,Nuc_SMR_Heat,Heat,0.0
966,2025,reg1,Nuc_SMR_Heat,Heat,0.0
967,2026,reg1,Nuc_SMR_Heat,Heat,0.0
968,2027,reg1,Nuc_SMR_Heat,Heat,0.0
969,2028,reg1,Nuc_SMR_Heat,Heat,0.0
970,2029,reg1,Nuc_SMR_Heat,Heat,0.0
971,2030,reg1,Nuc_SMR_Heat,Heat,0.0
972,2031,reg1,Nuc_SMR_Heat,Heat,0.0
973,2032,reg1,Nuc_SMR_Heat,Heat,0.0
974,2033,reg1,Nuc_SMR_Heat,Heat,0.0
975,2034,reg1,Nuc_SMR_Heat,Heat,0.0
976,2035,reg1,Nuc_SMR_Heat,Heat,0.0
977,2036,reg1,Nuc_SMR_Heat,Heat,0.0
978,2037,reg1,Nuc_SMR_Heat,Heat,0.0
979,2038,reg1,Nuc_SMR_Heat,Heat,0.0
980,2039,reg1,Nuc_SMR_Heat,Heat,0.0
981,2040,reg1,Nuc_SMR_Heat,Heat,0.0
982,2041,reg1,Nuc_SMR_Heat,Heat,0.0
983,2042,reg1,Nuc_SMR_Heat,Heat,0.0
984,2043,reg1,Nuc_SMR_Heat,Heat,0.0
985,2044,reg1,Nuc_SMR_Heat,Heat,0.0
986,2045,reg1,Nuc_SMR_Heat,Heat,0.0
987,2046,reg1,Nuc_SMR_Heat,Heat,0.0
988,2047,reg1,Nuc_SMR_Heat,Heat,0.0
989,2048,reg1,Nuc_SMR_Heat,Heat,0.0
990,2049,reg1,Nuc_SMR_Heat,Heat,0.0
991,2050,reg1,Nuc_SMR_Heat,Heat,0.0
992,2020,reg1,Nuc_AMR_Heat,Heat,0.0
993,2021,reg1,Nuc_AMR_Heat,Heat,0.0
994,2022,reg1,Nuc_AMR_Heat,Heat,0.0
995,2023,reg1,Nuc_AMR_Heat,Heat,0.0
996,2024,reg1,Nuc_AMR_Heat,Heat,0.0
997,2025,reg1,Nuc_AMR_Heat,Heat,0.0
998,2026,reg1,Nuc_AMR_Heat,Heat,0.0
999,2027,reg1,Nuc_AMR_Heat,Heat,0.0
1000,2028,reg1,Nuc_AMR_Heat,Heat,0.0
1001,2029,reg1,Nuc_AMR_Heat,Heat,0.0
1002,2030,reg1,Nuc_AMR_Heat,Heat,0.0
1003,2031,reg1,Nuc_AMR_Heat,Heat,0.0
1004,2032,reg1,Nuc_AMR_Heat,Heat,0.0
1005,2033,reg1,Nuc_AMR_Heat,Heat,0.0
1006,2034,reg1,Nuc_AMR_Heat,Heat,0.0
1007,2035,reg1,Nuc_AMR_Heat,Heat,0.0
1008,2036,reg1,Nuc_AMR_Heat,Heat,0.0
1009,2037,reg1,Nuc_AMR_Heat,Heat,0.0
1010,2038,reg1,Nuc_AMR_Heat,Heat,0.0
1011,2039,reg1,Nuc_AMR_Heat,Heat,0.0
1012,2040,reg1,Nuc_AMR_Heat,Heat,0.0
1013,2041,reg1,Nuc_AMR_Heat,Heat,0.0
1014,2042,reg1,Nuc_AMR_Heat,Heat,0.0
1015,2043,reg1,Nuc_AMR_Heat,Heat,0.0
1016,2044,reg1,Nuc_AMR_Heat,Heat,0.0
1017,2045,reg1,Nuc_AMR_Heat,Heat,0.0
1018,2046,reg1,Nuc_AMR_Heat,Heat,0.0
1019,2047,reg1,Nuc_AMR_Heat,Heat,0.0
1020,2048,reg1,Nuc_AMR_Heat,Heat,0.0
1021,2049,reg1,Nuc_AMR_Heat,Heat,0.0
1022,2050,reg1,Nuc_AMR_Heat,Heat,0.0
1023,2020,reg1,Nuc_G3+_Heat,Heat,0.0
1024,2021,reg1,Nuc_G3+_Heat,Heat,0.0
1025,2022,reg1,Nuc_G3+_Heat,Heat,0.0
1026,2023,reg1,Nuc_G3+_Heat,Heat,0.0
1027,2024,reg1,Nuc_G3+_Heat,Heat,0.0
1028,2025,reg1,Nuc_G3+_Heat,Heat,0.0
1029,2026,reg1,Nuc_G3+_Heat,Heat,0.0
1030,2027,reg1,Nuc_G3+_Heat,Heat,0.0
1031,2028,reg1,Nuc_G3+_Heat,Heat,0.0
1032,2029,reg1,Nuc_G3+_Heat,Heat,0.0
1033,2030,reg1,Nuc_G3+_Heat,Heat,0.0
1034,2031,reg1,Nuc_G3+_Heat,Heat,0.0
1035,2032,reg1,Nuc_G3+_Heat,Heat,0.0
1036,2033,reg1,Nuc_G3+_Heat,Heat,0.0
1037,2034,reg1,Nuc_G3+_Heat,Heat,0.0
1038,2035,reg1,Nuc_G3+_Heat,Heat,0.0
1039,2036,reg1,Nuc_G3+_Heat,Heat,0.0
1040,2037,reg1,Nuc_G3+_Heat,Heat,0.0
1041,2038,reg1,Nuc_G3+_Heat,Heat,0.0
1042,2039,reg1,Nuc_G3+_Heat,Heat,0.0
1043,2040,reg1,Nuc_G3+_Heat,Heat,0.0
1044,2041,reg1,Nuc_G3+_Heat,Heat,0.0
1045,2042,reg1,Nuc_G3+_Heat,Heat,0.0
1046,2043,reg1,Nuc_G3+_Heat,Heat,0.0
1047,2044,reg1,Nuc_G3+_Heat,Heat,0.0
1048,2045,reg1,Nuc_G3+_Heat,Heat,0.0
1049,2046,reg1,Nuc_G3+_Heat,Heat,0.0
1050,2047,reg1,Nuc_G3+_Heat,Heat,0.0
1051,2048,reg1,Nuc_G3+_Heat,Heat,0.0
1052,2049,reg1,Nuc_G3+_Heat,Heat,0.0
1053,2050,reg1,Nuc_G3+_Heat,Heat,0.0
1054,2020,reg1,NG_PP,Electricity,102685.38356295238
1055,2021,reg1,NG_PP,Electricity,112856.87134028824
1056,2022,reg1,NG_PP,Electricity,116443.7139275413
1057,2023,reg1,NG_PP,Electricity,119941.0898482575
1058,2024,reg1,NG_PP,Electricity,123329.64378515507
1059,2025,reg1,NG_PP,Electricity,126590.91509057322
1060,2026,reg1,NG_PP,Electricity,131524.44806628276
1061,2027,reg1,NG_PP,Electricity,136157.02498441824
1062,2028,reg1,NG_PP,Electricity,140482.61483306708
1063,2029,reg1,NG_PP,Electricity,144494.77923064522
1064,2030,reg1,NG_PP,Electricity,146335.1374385272
1065,2031,reg1,NG_PP,Electricity,139208.1734400001
1066,2032,reg1,NG_PP,Electricity,129264.73248000008
1067,2033,reg1,NG_PP,Electricity,119321.29152000012
1068,2034,reg1,NG_PP,Electricity,114824.34986464228
1069,2035,reg1,NG_PP,Electricity,119581.83729931858
1070,2036,reg1,NG_PP,Electricity,140808.21704599197
1071,2037,reg1,NG_PP,Electricity,160385.8233980276
1072,2038,reg1,NG_PP,Electricity,180938.83353169024
1073,2039,reg1,NG_PP,Electricity,198383.56095580518
1074,2040,reg1,NG_PP,Electricity,215291.19717871887
1075,2041,reg1,NG_PP,Electricity,234042.83502965112
1076,2042,reg1,NG_PP,Electricity,252486.92892294482
1077,2043,reg1,NG_PP,Electricity,268917.24582749617
1078,2044,reg1,NG_PP,Electricity,286217.50692080136
1079,2045,reg1,NG_PP,Electricity,304951.81224999146
1080,2046,reg1,NG_PP,Electricity,309327.1460043768
1081,2047,reg1,NG_PP,Electricity,315434.27187258605
1082,2048,reg1,NG_PP,Electricity,320904.2329235207
1083,2049,reg1,NG_PP,Electricity,331521.3495093132
1084,2050,reg1,NG_PP,Electricity,343878.210692771
1085,2020,reg1,NG_PP_CCS,Electricity,0.0
1086,2021,reg1,NG_PP_CCS,Electricity,0.0
1087,2022,reg1,NG_PP_CCS,Electricity,0.0
1088,2023,reg1,NG_PP_CCS,Electricity,0.0
1089,2024,reg1,NG_PP_CCS,Electricity,0.0
1090,2025,reg1,NG_PP_CCS,Electricity,0.0
1091,2026,reg1,NG_PP_CCS,Electricity,0.0
1092,2027,reg1,NG_PP_CCS,Electricity,0.0
1093,2028,reg1,NG_PP_CCS,Electricity,0.0
1094,2029,reg1,NG_PP_CCS,Electricity,0.0
1095,2030,reg1,NG_PP_CCS,Electricity,0.0
1096,2031,reg1,NG_PP_CCS,Electricity,0.0
1097,2032,reg1,NG_PP_CCS,Electricity,0.0
1098,2033,reg1,NG_PP_CCS,Electricity,0.0
1099,2034,reg1,NG_PP_CCS,Electricity,0.0
1100,2035,reg1,NG_PP_CCS,Electricity,0.0
1101,2036,reg1,NG_PP_CCS,Electricity,0.0
1102,2037,reg1,NG_PP_CCS,Electricity,0.0
1103,2038,reg1,NG_PP_CCS,Electricity,0.0
1104,2039,reg1,NG_PP_CCS,Electricity,0.0
1105,2040,reg1,NG_PP_CCS,Electricity,0.0
1106,2041,reg1,NG_PP_CCS,Electricity,0.0
1107,2042,reg1,NG_PP_CCS,Electricity,0.0
1108,2043,reg1,NG_PP_CCS,Electricity,0.0
1109,2044,reg1,NG_PP_CCS,Electricity,0.0
1110,2045,reg1,NG_PP_CCS,Electricity,0.0
1111,2046,reg1,NG_PP_CCS,Electricity,0.0
1112,2047,reg1,NG_PP_CCS,Electricity,0.0
1113,2048,reg1,NG_PP_CCS,Electricity,0.0
1114,2049,reg1,NG_PP_CCS,Electricity,0.0
1115,2050,reg1,NG_PP_CCS,Electricity,0.0
1116,2020,reg1,Bio_refinery,HVO,0.0
1117,2021,reg1,Bio_refinery,HVO,1857.6674427504984
1118,2022,reg1,Bio_refinery,HVO,2242.478474595925
1119,2023,reg1,Bio_refinery,HVO,2617.2182363974257
1120,2024,reg1,Bio_refinery,HVO,2978.9815324066603
1121,2025,reg1,Bio_refinery,HVO,3325.0586130225583
1122,2026,reg1,Bio_refinery,HVO,3793.9996715024863
1123,2027,reg1,Bio_refinery,HVO,4228.213707065808
1124,2028,reg1,Bio_refinery,HVO,4626.996686428723
1125,2029,reg1,Bio_refinery,HVO,4989.597005341138
1126,2030,reg1,Bio_refinery,HVO,5315.211226249608
1127,2031,reg1,Bio_refinery,HVO,5165.644904003422
1128,2032,reg1,Bio_refinery,HVO,5020.930968180247
1129,2033,reg1,Bio_refinery,HVO,4878.437690793443
1130,2034,reg1,Bio_refinery,HVO,4741.000907774826
1131,2035,reg1,Bio_refinery,HVO,4609.544015581474
1132,2036,reg1,Bio_refinery,HVO,4571.016483510943
1133,2037,reg1,Bio_refinery,HVO,4359.189853021759
1134,2038,reg1,Bio_refinery,HVO,4238.780306611762
1135,2039,reg1,Bio_refinery,HVO,4124.7451248171055
1136,2040,reg1,Bio_refinery,HVO,4017.936494647586
1137,2041,reg1,Bio_refinery,HVO,3850.6980783276167
1138,2042,reg1,Bio_refinery,HVO,3713.5941291600566
1139,2043,reg1,Bio_refinery,HVO,3619.4403900146717
1140,2044,reg1,Bio_refinery,HVO,3565.94284014647
1141,2045,reg1,Bio_refinery,HVO,3551.359703925617
1142,2046,reg1,Bio_refinery,HVO,3567.6441516519008
1143,2047,reg1,Bio_refinery,HVO,3619.65252674972
1144,2048,reg1,Bio_refinery,HVO,3706.9471555396717
1145,2049,reg1,Bio_refinery,HVO,3829.5207025184336
1146,2050,reg1,Bio_refinery,HVO,3987.7841375834596
1147,2020,reg1,Oil_refinery,Oil_products,343509.78756122576
1148,2021,reg1,Oil_refinery,Oil_products,386586.47946769395
1149,2022,reg1,Oil_refinery,Oil_products,386964.64219736715
1150,2023,reg1,Oil_refinery,Oil_products,386778.48407274636
1151,2024,reg1,Oil_refinery,Oil_products,386040.2724353557
1152,2025,reg1,Oil_refinery,Oil_products,384761.57696289587
1153,2026,reg1,Oil_refinery,Oil_products,370291.8558071784
1154,2027,reg1,Oil_refinery,Oil_products,356248.66988792724
1155,2028,reg1,Oil_refinery,Oil_products,342637.1606284074
1156,2029,reg1,Oil_refinery,Oil_products,329462.84193551715
1157,2030,reg1,Oil_refinery,Oil_products,316731.63225775526
1158,2031,reg1,Oil_refinery,Oil_products,312601.65757122415
1159,2032,reg1,Oil_refinery,Oil_products,308595.4421818934
1160,2033,reg1,Oil_refinery,Oil_products,304875.67348689074
1161,2034,reg1,Oil_refinery,Oil_products,302620.49271519884
1162,2035,reg1,Oil_refinery,Oil_products,298792.4421812759
1163,2036,reg1,Oil_refinery,Oil_products,291143.02188781113
1164,2037,reg1,Oil_refinery,Oil_products,279413.7768101994
1165,2038,reg1,Oil_refinery,Oil_products,269919.19475778076
1166,2039,reg1,Oil_refinery,Oil_products,260722.8356178145
1167,2040,reg1,Oil_refinery,Oil_products,251748.28478813428
1168,2041,reg1,Oil_refinery,Oil_products,241679.74398817262
1169,2042,reg1,Oil_refinery,Oil_products,232618.33793170121
1170,2043,reg1,Oil_refinery,Oil_products,224547.37706130883
1171,2044,reg1,Oil_refinery,Oil_products,217211.076649381
1172,2045,reg1,Oil_refinery,Oil_products,210374.62817298633
1173,2046,reg1,Oil_refinery,Oil_products,210403.86270467553
1174,2047,reg1,Oil_refinery,Oil_products,210713.89881373785
1175,2048,reg1,Oil_refinery,Oil_products,211301.2962440593
1176,2049,reg1,Oil_refinery,Oil_products,212165.99733622075
1177,2050,reg1,Oil_refinery,Oil_products,213410.13806631436
1178,2020,reg1,Biofuels_mix,Liquid_biofuels ,0.0
1179,2021,reg1,Biofuels_mix,Liquid_biofuels ,12384.449618336654
1180,2022,reg1,Biofuels_mix,Liquid_biofuels ,14949.856497306168
1181,2023,reg1,Biofuels_mix,Liquid_biofuels ,17448.121575982837
1182,2024,reg1,Biofuels_mix,Liquid_biofuels ,19859.87688271107
1183,2025,reg1,Biofuels_mix,Liquid_biofuels ,22167.05742015039
1184,2026,reg1,Biofuels_mix,Liquid_biofuels ,25293.33114334991
1185,2027,reg1,Biofuels_mix,Liquid_biofuels ,28188.091380438724
1186,2028,reg1,Biofuels_mix,Liquid_biofuels ,30846.644576191487
1187,2029,reg1,Biofuels_mix,Liquid_biofuels ,33263.98003560759
1188,2030,reg1,Biofuels_mix,Liquid_biofuels ,35434.74150833071
1189,2031,reg1,Biofuels_mix,Liquid_biofuels ,34437.63269335615
1190,2032,reg1,Biofuels_mix,Liquid_biofuels ,33472.87312120164
1191,2033,reg1,Biofuels_mix,Liquid_biofuels ,32522.91793862295
1192,2034,reg1,Biofuels_mix,Liquid_biofuels ,31606.67271849884
1193,2035,reg1,Biofuels_mix,Liquid_biofuels ,30730.293437209828
1194,2036,reg1,Biofuels_mix,Liquid_biofuels ,30473.443223406288
1195,2037,reg1,Biofuels_mix,Liquid_biofuels ,29061.265686811723
1196,2038,reg1,Biofuels_mix,Liquid_biofuels ,28258.535377411747
1197,2039,reg1,Biofuels_mix,Liquid_biofuels ,27498.300832114044
1198,2040,reg1,Biofuels_mix,Liquid_biofuels ,26786.24329765058
1199,2041,reg1,Biofuels_mix,Liquid_biofuels ,25671.320522184113
1200,2042,reg1,Biofuels_mix,Liquid_biofuels ,24757.29419440038
1201,2043,reg1,Biofuels_mix,Liquid_biofuels ,24129.602600097813
1202,2044,reg1,Biofuels_mix,Liquid_biofuels ,23772.952267643137
1203,2045,reg1,Biofuels_mix,Liquid_biofuels ,23675.731359504112
1204,2046,reg1,Biofuels_mix,Liquid_biofuels ,23784.29434434601
1205,2047,reg1,Biofuels_mix,Liquid_biofuels ,24131.016844998136
1206,2048,reg1,Biofuels_mix,Liquid_biofuels ,24712.981036931145
1207,2049,reg1,Biofuels_mix,Liquid_biofuels ,25530.13801678956
1208,2050,reg1,Biofuels_mix,Liquid_biofuels ,26585.227583889733
1209,2020,reg1,NG_CHP_P,Electricity,15077.165649515662
1210,2021,reg1,NG_CHP_P,Electricity,16262.081040594969
1211,2022,reg1,NG_CHP_P,Electricity,16290.530602405197
1212,2023,reg1,NG_CHP_P,Electricity,16321.057455712797
1213,2024,reg1,NG_CHP_P,Electricity,16353.22432016257
1214,2025,reg1,NG_CHP_P,Electricity,16387.031195754542
1215,2026,reg1,NG_CHP_P,Electricity,16055.500314848245
1216,2027,reg1,NG_CHP_P,Electricity,15726.437625899192
1217,2028,reg1,NG_CHP_P,Electricity,15399.843128907343
1218,2029,reg1,NG_CHP_P,Electricity,15075.71682387272
1219,2030,reg1,NG_CHP_P,Electricity,14794.427449985793
1220,2031,reg1,NG_CHP_P,Electricity,14524.980554336254
1221,2032,reg1,NG_CHP_P,Electricity,14266.882130103562
1222,2033,reg1,NG_CHP_P,Electricity,14023.258834598308
1223,2034,reg1,NG_CHP_P,Electricity,13257.197427335394
1224,2035,reg1,NG_CHP_P,Electricity,10596.023007441176
1225,2036,reg1,NG_CHP_P,Electricity,7935.830291044987
1226,2037,reg1,NG_CHP_P,Electricity,5278.286248222314
1227,2038,reg1,NG_CHP_P,Electricity,3200.0043164449803
1228,2039,reg1,NG_CHP_P,Electricity,3165.356966990263
1229,2040,reg1,NG_CHP_P,Electricity,3099.60758046438
1230,2041,reg1,NG_CHP_P,Electricity,3104.237669269716
1231,2042,reg1,NG_CHP_P,Electricity,3121.4781120598855
1232,2043,reg1,NG_CHP_P,Electricity,3135.240855730904
1233,2044,reg1,NG_CHP_P,Electricity,3268.0906813755278
1234,2045,reg1,NG_CHP_P,Electricity,3414.1865161793025
1235,2046,reg1,NG_CHP_P,Electricity,3582.724409083139
1236,2047,reg1,NG_CHP_P,Electricity,3771.495709075554
1237,2048,reg1,NG_CHP_P,Electricity,3978.563082083355
1238,2049,reg1,NG_CHP_P,Electricity,4202.229205213412
1239,2050,reg1,NG_CHP_P,Electricity,4441.009134078471
1240,2020,reg1,NG_CHP_P,Heat,16333.596120308635
1241,2021,reg1,NG_CHP_P,Heat,17617.25446064455
1242,2022,reg1,NG_CHP_P,Heat,17648.074819272297
1243,2023,reg1,NG_CHP_P,Heat,17681.1455770222
1244,2024,reg1,NG_CHP_P,Heat,17715.99301350945
1245,2025,reg1,NG_CHP_P,Heat,17752.61712873409
1246,2026,reg1,NG_CHP_P,Heat,17393.458674418933
1247,2027,reg1,NG_CHP_P,Heat,17036.974094724126
1248,2028,reg1,NG_CHP_P,Heat,16683.163389649624
1249,2029,reg1,NG_CHP_P,Heat,16332.026559195448
1250,2030,reg1,NG_CHP_P,Heat,16027.296404151275
1251,2031,reg1,NG_CHP_P,Heat,15735.395600530943
1252,2032,reg1,NG_CHP_P,Heat,15455.78897427886
1253,2033,reg1,NG_CHP_P,Heat,15191.863737481503
1254,2034,reg1,NG_CHP_P,Heat,14361.963879613346
1255,2035,reg1,NG_CHP_P,Heat,11479.02492472794
1256,2036,reg1,NG_CHP_P,Heat,8597.149481965404
1257,2037,reg1,NG_CHP_P,Heat,5718.143435574173
1258,2038,reg1,NG_CHP_P,Heat,3466.6713428153957
1259,2039,reg1,NG_CHP_P,Heat,3429.1367142394515
1260,2040,reg1,NG_CHP_P,Heat,3357.908212169745
1261,2041,reg1,NG_CHP_P,Heat,3362.9241417088597
1262,2042,reg1,NG_CHP_P,Heat,3381.601288064876
1263,2043,reg1,NG_CHP_P,Heat,3396.510927041813
1264,2044,reg1,NG_CHP_P,Heat,3540.4315714901554
1265,2045,reg1,NG_CHP_P,Heat,3698.702059194245
1266,2046,reg1,NG_CHP_P,Heat,3881.2847765067345
1267,2047,reg1,NG_CHP_P,Heat,4085.787018165184
1268,2048,reg1,NG_CHP_P,Heat,4310.110005590302
1269,2049,reg1,NG_CHP_P,Heat,4552.41497231453
1270,2050,reg1,NG_CHP_P,Heat,4811.09322858501
1271,2020,reg1,BW_CHP_P,Electricity,12378.8670768
1272,2021,reg1,BW_CHP_P,Electricity,12378.867076800008
1273,2022,reg1,BW_CHP_P,Electricity,12378.867076800003
1274,2023,reg1,BW_CHP_P,Electricity,12378.867076799997
1275,2024,reg1,BW_CHP_P,Electricity,12378.867076800003
1276,2025,reg1,BW_CHP_P,Electricity,12378.8670768
1277,2026,reg1,BW_CHP_P,Electricity,12378.867076800007
1278,2027,reg1,BW_CHP_P,Electricity,12378.867076800007
1279,2028,reg1,BW_CHP_P,Electricity,12378.8670768
1280,2029,reg1,BW_CHP_P,Electricity,12378.867076800001
1281,2030,reg1,BW_CHP_P,Electricity,12378.867076800003
1282,2031,reg1,BW_CHP_P,Electricity,12378.867076800003
1283,2032,reg1,BW_CHP_P,Electricity,12378.867076800007
1284,2033,reg1,BW_CHP_P,Electricity,12378.867076800008
1285,2034,reg1,BW_CHP_P,Electricity,12378.867076800005
1286,2035,reg1,BW_CHP_P,Electricity,12378.867076800007
1287,2036,reg1,BW_CHP_P,Electricity,12378.867076800007
1288,2037,reg1,BW_CHP_P,Electricity,12378.867076800003
1289,2038,reg1,BW_CHP_P,Electricity,12378.867076800007
1290,2039,reg1,BW_CHP_P,Electricity,12378.867076800007
1291,2040,reg1,BW_CHP_P,Electricity,12365.934412037446
1292,2041,reg1,BW_CHP_P,Electricity,12378.867076800007
1293,2042,reg1,BW_CHP_P,Electricity,12378.867076800007
1294,2043,reg1,BW_CHP_P,Electricity,12378.867076800007
1295,2044,reg1,BW_CHP_P,Electricity,12378.867076800007
1296,2045,reg1,BW_CHP_P,Electricity,12378.867076800007
1297,2046,reg1,BW_CHP_P,Electricity,12378.867076800007
1298,2047,reg1,BW_CHP_P,Electricity,12378.867076800005
1299,2048,reg1,BW_CHP_P,Electricity,12378.867076800005
1300,2049,reg1,BW_CHP_P,Electricity,12378.867076800005
1301,2050,reg1,BW_CHP_P,Electricity,12378.867076800003
1302,2020,reg1,BW_CHP_P,Heat,17094.625963199996
1303,2021,reg1,BW_CHP_P,Heat,17094.62596320001
1304,2022,reg1,BW_CHP_P,Heat,17094.625963200004
1305,2023,reg1,BW_CHP_P,Heat,17094.625963199996
1306,2024,reg1,BW_CHP_P,Heat,17094.625963200004
1307,2025,reg1,BW_CHP_P,Heat,17094.6259632
1308,2026,reg1,BW_CHP_P,Heat,17094.625963200007
1309,2027,reg1,BW_CHP_P,Heat,17094.625963200007
1310,2028,reg1,BW_CHP_P,Heat,17094.6259632
1311,2029,reg1,BW_CHP_P,Heat,17094.6259632
1312,2030,reg1,BW_CHP_P,Heat,17094.625963200004
1313,2031,reg1,BW_CHP_P,Heat,17094.625963200004
1314,2032,reg1,BW_CHP_P,Heat,17094.625963200007
1315,2033,reg1,BW_CHP_P,Heat,17094.62596320001
1316,2034,reg1,BW_CHP_P,Heat,17094.625963200007
1317,2035,reg1,BW_CHP_P,Heat,17094.625963200007
1318,2036,reg1,BW_CHP_P,Heat,17094.625963200007
1319,2037,reg1,BW_CHP_P,Heat,17094.625963200004
1320,2038,reg1,BW_CHP_P,Heat,17094.625963200007
1321,2039,reg1,BW_CHP_P,Heat,17094.625963200007
1322,2040,reg1,BW_CHP_P,Heat,17076.766569004092
1323,2041,reg1,BW_CHP_P,Heat,17094.625963200007
1324,2042,reg1,BW_CHP_P,Heat,17094.625963200007
1325,2043,reg1,BW_CHP_P,Heat,17094.625963200007
1326,2044,reg1,BW_CHP_P,Heat,17094.625963200007
1327,2045,reg1,BW_CHP_P,Heat,17094.625963200007
1328,2046,reg1,BW_CHP_P,Heat,17094.625963200007
1329,2047,reg1,BW_CHP_P,Heat,17094.625963200007
1330,2048,reg1,BW_CHP_P,Heat,17094.625963200007
1331,2049,reg1,BW_CHP_P,Heat,17094.625963200007
1332,2050,reg1,BW_CHP_P,Heat,17094.625963200004
1333,2020,reg1,Export_mix,Exported_energy,342052.5999999998
1334,2021,reg1,Export_mix,Exported_energy,342052.5999999995
1335,2022,reg1,Export_mix,Exported_energy,342052.5999999995
1336,2023,reg1,Export_mix,Exported_energy,342052.5999999995
1337,2024,reg1,Export_mix,Exported_energy,342052.5999999995
1338,2025,reg1,Export_mix,Exported_energy,342052.5999999995
1339,2026,reg1,Export_mix,Exported_energy,342052.5999999995
1340,2027,reg1,Export_mix,Exported_energy,342052.5999999995
1341,2028,reg1,Export_mix,Exported_energy,342052.5999999995
1342,2029,reg1,Export_mix,Exported_energy,342052.5999999995
1343,2030,reg1,Export_mix,Exported_energy,342052.5999999995
1344,2031,reg1,Export_mix,Exported_energy,342052.5999999995
1345,2032,reg1,Export_mix,Exported_energy,342052.5999999995
1346,2033,reg1,Export_mix,Exported_energy,342052.5999999995
1347,2034,reg1,Export_mix,Exported_energy,342052.5999999995
1348,2035,reg1,Export_mix,Exported_energy,342052.5999999995
1349,2036,reg1,Export_mix,Exported_energy,342052.5999999995
1350,2037,reg1,Export_mix,Exported_energy,342052.5999999995
1351,2038,reg1,Export_mix,Exported_energy,342052.5999999995
1352,2039,reg1,Export_mix,Exported_energy,342052.5999999995
1353,2040,reg1,Export_mix,Exported_energy,342052.5999999995
1354,2041,reg1,Export_mix,Exported_energy,342052.5999999995
1355,2042,reg1,Export_mix,Exported_energy,342052.5999999995
1356,2043,reg1,Export_mix,Exported_energy,342052.5999999995
1357,2044,reg1,Export_mix,Exported_energy,342052.5999999995
1358,2045,reg1,Export_mix,Exported_energy,342052.5999999995
1359,2046,reg1,Export_mix,Exported_energy,342052.5999999995
1360,2047,reg1,Export_mix,Exported_energy,342052.5999999995
1361,2048,reg1,Export_mix,Exported_energy,342052.5999999995
1362,2049,reg1,Export_mix,Exported_energy,342052.5999999995
1363,2050,reg1,Export_mix,Exported_energy,342052.5999999995
1364,2020,reg1,Primary_mix,Primary_sector_energy,33322.60163999999
1365,2021,reg1,Primary_mix,Primary_sector_energy,33130.408911999984
1366,2022,reg1,Primary_mix,Primary_sector_energy,32938.21618399999
1367,2023,reg1,Primary_mix,Primary_sector_energy,32746.02345599999
1368,2024,reg1,Primary_mix,Primary_sector_energy,32553.83072799999
1369,2025,reg1,Primary_mix,Primary_sector_energy,32361.63799999999
1370,2026,reg1,Primary_mix,Primary_sector_energy,32169.5104
1371,2027,reg1,Primary_mix,Primary_sector_energy,31977.382799999992
1372,2028,reg1,Primary_mix,Primary_sector_energy,31785.2552
1373,2029,reg1,Primary_mix,Primary_sector_energy,31593.12759999999
1374,2030,reg1,Primary_mix,Primary_sector_energy,31400.99999999998
1375,2031,reg1,Primary_mix,Primary_sector_energy,31208.872399999993
1376,2032,reg1,Primary_mix,Primary_sector_energy,31016.74479999999
1377,2033,reg1,Primary_mix,Primary_sector_energy,30824.617199999986
1378,2034,reg1,Primary_mix,Primary_sector_energy,30632.489599999994
1379,2035,reg1,Primary_mix,Primary_sector_energy,30440.361999999986
1380,2036,reg1,Primary_mix,Primary_sector_energy,30248.234399999987
1381,2037,reg1,Primary_mix,Primary_sector_energy,30056.106799999987
1382,2038,reg1,Primary_mix,Primary_sector_energy,29863.979199999994
1383,2039,reg1,Primary_mix,Primary_sector_energy,29671.851599999987
1384,2040,reg1,Primary_mix,Primary_sector_energy,29479.72399999999
1385,2041,reg1,Primary_mix,Primary_sector_energy,29479.72399999999
1386,2042,reg1,Primary_mix,Primary_sector_energy,29479.72399999999
1387,2043,reg1,Primary_mix,Primary_sector_energy,29479.72399999999
1388,2044,reg1,Primary_mix,Primary_sector_energy,29479.72399999999
1389,2045,reg1,Primary_mix,Primary_sector_energy,29479.72399999999
1390,2046,reg1,Primary_mix,Primary_sector_energy,29479.72399999999
1391,2047,reg1,Primary_mix,Primary_sector_energy,29479.72399999999
1392,2048,reg1,Primary_mix,Primary_sector_energy,29479.72399999999
1393,2049,reg1,Primary_mix,Primary_sector_energy,29479.72399999999
1394,2050,reg1,Primary_mix,Primary_sector_energy,29479.72399999999
1395,2020,reg1,Transport_mix,Transport_sector_energy,336996.2065399998
1396,2021,reg1,Transport_mix,Transport_sector_energy,433482.1443740182
1397,2022,reg1,Transport_mix,Transport_sector_energy,439862.67729964235
1398,2023,reg1,Transport_mix,Transport_sector_energy,444914.0221623379
1399,2024,reg1,Transport_mix,Transport_sector_energy,448636.17896210536
1400,2025,reg1,Transport_mix,Transport_sector_energy,451029.14769894426
1401,2026,reg1,Transport_mix,Transport_sector_energy,431206.4880127668
1402,2027,reg1,Transport_mix,Transport_sector_energy,411637.92167214525
1403,2028,reg1,Transport_mix,Transport_sector_energy,392323.44867707987
1404,2029,reg1,Transport_mix,Transport_sector_energy,373263.06902757037
1405,2030,reg1,Transport_mix,Transport_sector_energy,354456.7827236166
1406,2031,reg1,Transport_mix,Transport_sector_energy,344482.61704505084
1407,2032,reg1,Transport_mix,Transport_sector_energy,334832.0436390813
1408,2033,reg1,Transport_mix,Transport_sector_energy,325329.5598219126
1409,2034,reg1,Transport_mix,Transport_sector_energy,316164.2796734817
1410,2035,reg1,Transport_mix,Transport_sector_energy,307397.78195772134
1411,2036,reg1,Transport_mix,Transport_sector_energy,304828.4870637464
1412,2037,reg1,Transport_mix,Transport_sector_energy,290702.3530791598
1413,2038,reg1,Transport_mix,Transport_sector_energy,282672.57239633036
1414,2039,reg1,Transport_mix,Transport_sector_energy,275067.88051567355
1415,2040,reg1,Transport_mix,Transport_sector_energy,267945.1074394062
1416,2041,reg1,Transport_mix,Transport_sector_energy,256792.43852874916
1417,2042,reg1,Transport_mix,Transport_sector_energy,247649.35415222746
1418,2043,reg1,Transport_mix,Transport_sector_energy,241370.50086902129
1419,2044,reg1,Transport_mix,Transport_sector_energy,237802.89676022672
1420,2045,reg1,Transport_mix,Transport_sector_energy,236830.38761113855
1421,2046,reg1,Transport_mix,Transport_sector_energy,237916.35253403446
1422,2047,reg1,Transport_mix,Transport_sector_energy,241384.64768302394
1423,2048,reg1,Transport_mix,Transport_sector_energy,247206.08580708725
1424,2049,reg1,Transport_mix,Transport_sector_energy,255380.17772173163
1425,2050,reg1,Transport_mix,Transport_sector_energy,265934.3298763807
1426,2020,reg1,Cement_CCS,Cement_sector_energy,0.0
1427,2021,reg1,Cement_CCS,Cement_sector_energy,0.0
1428,2022,reg1,Cement_CCS,Cement_sector_energy,0.0
1429,2023,reg1,Cement_CCS,Cement_sector_energy,0.0
1430,2024,reg1,Cement_CCS,Cement_sector_energy,0.0
1431,2025,reg1,Cement_CCS,Cement_sector_energy,0.0
1432,2026,reg1,Cement_CCS,Cement_sector_energy,0.0
1433,2027,reg1,Cement_CCS,Cement_sector_energy,0.0
1434,2028,reg1,Cement_CCS,Cement_sector_energy,0.0
1435,2029,reg1,Cement_CCS,Cement_sector_energy,0.0
1436,2030,reg1,Cement_CCS,Cement_sector_energy,0.0
1437,2031,reg1,Cement_CCS,Cement_sector_energy,0.0
1438,2032,reg1,Cement_CCS,Cement_sector_energy,0.0
1439,2033,reg1,Cement_CCS,Cement_sector_energy,0.0
1440,2034,reg1,Cement_CCS,Cement_sector_energy,0.0
1441,2035,reg1,Cement_CCS,Cement_sector_energy,0.0
1442,2036,reg1,Cement_CCS,Cement_sector_energy,0.0
1443,2037,reg1,Cement_CCS,Cement_sector_energy,0.0
1444,2038,reg1,Cement_CCS,Cement_sector_energy,0.0
1445,2039,reg1,Cement_CCS,Cement_sector_energy,0.0
1446,2040,reg1,Cement_CCS,Cement_sector_energy,0.0
1447,2041,reg1,Cement_CCS,Cement_sector_energy,0.0
1448,2042,reg1,Cement_CCS,Cement_sector_energy,0.0
1449,2043,reg1,Cement_CCS,Cement_sector_energy,0.0
1450,2044,reg1,Cement_CCS,Cement_sector_energy,0.0
1451,2045,reg1,Cement_CCS,Cement_sector_energy,0.0
1452,2046,reg1,Cement_CCS,Cement_sector_energy,0.0
1453,2047,reg1,Cement_CCS,Cement_sector_energy,0.0
1454,2048,reg1,Cement_CCS,Cement_sector_energy,0.0
1455,2049,reg1,Cement_CCS,Cement_sector_energy,0.0
1456,2050,reg1,Cement_CCS,Cement_sector_energy,0.0
1457,2020,reg1,Cement_woCCS,Cement_sector_energy,16288459.999999998
1458,2021,reg1,Cement_woCCS,Cement_sector_energy,16288459.999999998
1459,2022,reg1,Cement_woCCS,Cement_sector_energy,16288459.999999998
1460,2023,reg1,Cement_woCCS,Cement_sector_energy,16288459.999999998
1461,2024,reg1,Cement_woCCS,Cement_sector_energy,16288459.999999998
1462,2025,reg1,Cement_woCCS,Cement_sector_energy,16288459.999999998
1463,2026,reg1,Cement_woCCS,Cement_sector_energy,16288459.999999998
1464,2027,reg1,Cement_woCCS,Cement_sector_energy,16288459.999999998
1465,2028,reg1,Cement_woCCS,Cement_sector_energy,16288459.999999998
1466,2029,reg1,Cement_woCCS,Cement_sector_energy,16288459.999999998
1467,2030,reg1,Cement_woCCS,Cement_sector_energy,16288459.999999998
1468,2031,reg1,Cement_woCCS,Cement_sector_energy,16288459.999999998
1469,2032,reg1,Cement_woCCS,Cement_sector_energy,16288459.999999998
1470,2033,reg1,Cement_woCCS,Cement_sector_energy,16288459.999999998
1471,2034,reg1,Cement_woCCS,Cement_sector_energy,16288459.999999998
1472,2035,reg1,Cement_woCCS,Cement_sector_energy,16288459.999999998
1473,2036,reg1,Cement_woCCS,Cement_sector_energy,16288459.999999998
1474,2037,reg1,Cement_woCCS,Cement_sector_energy,16288459.999999998
1475,2038,reg1,Cement_woCCS,Cement_sector_energy,16288459.999999998
1476,2039,reg1,Cement_woCCS,Cement_sector_energy,16288459.999999998
1477,2040,reg1,Cement_woCCS,Cement_sector_energy,16288459.999999998
1478,2041,reg1,Cement_woCCS,Cement_sector_energy,16288459.999999998
1479,2042,reg1,Cement_woCCS,Cement_sector_energy,16288459.999999998
1480,2043,reg1,Cement_woCCS,Cement_sector_energy,16288459.999999998
1481,2044,reg1,Cement_woCCS,Cement_sector_energy,16288459.999999998
1482,2045,reg1,Cement_woCCS,Cement_sector_energy,16288459.999999998
1483,2046,reg1,Cement_woCCS,Cement_sector_energy,16288459.999999998
1484,2047,reg1,Cement_woCCS,Cement_sector_energy,16288459.999999998
1485,2048,reg1,Cement_woCCS,Cement_sector_energy,16288459.999999998
1486,2049,reg1,Cement_woCCS,Cement_sector_energy,16288459.999999998
1487,2050,reg1,Cement_woCCS,Cement_sector_energy,16288459.999999998
1488,2020,reg1,Iron_Steel_CCS,Iron_Steel_sector_energy,0.0
1489,2021,reg1,Iron_Steel_CCS,Iron_Steel_sector_energy,0.0
1490,2022,reg1,Iron_Steel_CCS,Iron_Steel_sector_energy,0.0
1491,2023,reg1,Iron_Steel_CCS,Iron_Steel_sector_energy,0.0
1492,2024,reg1,Iron_Steel_CCS,Iron_Steel_sector_energy,0.0
1493,2025,reg1,Iron_Steel_CCS,Iron_Steel_sector_energy,0.0
1494,2026,reg1,Iron_Steel_CCS,Iron_Steel_sector_energy,0.0
1495,2027,reg1,Iron_Steel_CCS,Iron_Steel_sector_energy,0.0
1496,2028,reg1,Iron_Steel_CCS,Iron_Steel_sector_energy,0.0
1497,2029,reg1,Iron_Steel_CCS,Iron_Steel_sector_energy,0.0
1498,2030,reg1,Iron_Steel_CCS,Iron_Steel_sector_energy,0.0
1499,2031,reg1,Iron_Steel_CCS,Iron_Steel_sector_energy,0.0
1500,2032,reg1,Iron_Steel_CCS,Iron_Steel_sector_energy,0.0
1501,2033,reg1,Iron_Steel_CCS,Iron_Steel_sector_energy,0.0
1502,2034,reg1,Iron_Steel_CCS,Iron_Steel_sector_energy,0.0
1503,2035,reg1,Iron_Steel_CCS,Iron_Steel_sector_energy,0.0
1504,2036,reg1,Iron_Steel_CCS,Iron_Steel_sector_energy,0.0
1505,2037,reg1,Iron_Steel_CCS,Iron_Steel_sector_energy,0.0
1506,2038,reg1,Iron_Steel_CCS,Iron_Steel_sector_energy,0.0
1507,2039,reg1,Iron_Steel_CCS,Iron_Steel_sector_energy,0.0
1508,2040,reg1,Iron_Steel_CCS,Iron_Steel_sector_energy,0.0
1509,2041,reg1,Iron_Steel_CCS,Iron_Steel_sector_energy,0.0
1510,2042,reg1,Iron_Steel_CCS,Iron_Steel_sector_energy,0.0
1511,2043,reg1,Iron_Steel_CCS,Iron_Steel_sector_energy,0.0
1512,2044,reg1,Iron_Steel_CCS,Iron_Steel_sector_energy,0.0
1513,2045,reg1,Iron_Steel_CCS,Iron_Steel_sector_energy,0.0
1514,2046,reg1,Iron_Steel_CCS,Iron_Steel_sector_energy,0.0
1515,2047,reg1,Iron_Steel_CCS,Iron_Steel_sector_energy,0.0
1516,2048,reg1,Iron_Steel_CCS,Iron_Steel_sector_energy,0.0
1517,2049,reg1,Iron_Steel_CCS,Iron_Steel_sector_energy,0.0
1518,2050,reg1,Iron_Steel_CCS,Iron_Steel_sector_energy,0.0
1519,2020,reg1,Iron_Steel_woCCS,Iron_Steel_sector_energy,20400000.0
1520,2021,reg1,Iron_Steel_woCCS,Iron_Steel_sector_energy,24400000.00000008
1521,2022,reg1,Iron_Steel_woCCS,Iron_Steel_sector_energy,24400000.00000008
1522,2023,reg1,Iron_Steel_woCCS,Iron_Steel_sector_energy,24400000.00000008
1523,2024,reg1,Iron_Steel_woCCS,Iron_Steel_sector_energy,24400000.00000008
1524,2025,reg1,Iron_Steel_woCCS,Iron_Steel_sector_energy,24400000.00000008
1525,2026,reg1,Iron_Steel_woCCS,Iron_Steel_sector_energy,24400000.00000008
1526,2027,reg1,Iron_Steel_woCCS,Iron_Steel_sector_energy,24400000.00000008
1527,2028,reg1,Iron_Steel_woCCS,Iron_Steel_sector_energy,24400000.00000008
1528,2029,reg1,Iron_Steel_woCCS,Iron_Steel_sector_energy,24400000.00000008
1529,2030,reg1,Iron_Steel_woCCS,Iron_Steel_sector_energy,24400000.00000008
1530,2031,reg1,Iron_Steel_woCCS,Iron_Steel_sector_energy,24400000.00000008
1531,2032,reg1,Iron_Steel_woCCS,Iron_Steel_sector_energy,24400000.00000008
1532,2033,reg1,Iron_Steel_woCCS,Iron_Steel_sector_energy,24400000.00000008
1533,2034,reg1,Iron_Steel_woCCS,Iron_Steel_sector_energy,24400000.00000008
1534,2035,reg1,Iron_Steel_woCCS,Iron_Steel_sector_energy,24400000.00000008
1535,2036,reg1,Iron_Steel_woCCS,Iron_Steel_sector_energy,24400000.00000008
1536,2037,reg1,Iron_Steel_woCCS,Iron_Steel_sector_energy,24400000.00000008
1537,2038,reg1,Iron_Steel_woCCS,Iron_Steel_sector_energy,24400000.00000008
1538,2039,reg1,Iron_Steel_woCCS,Iron_Steel_sector_energy,24400000.00000008
1539,2040,reg1,Iron_Steel_woCCS,Iron_Steel_sector_energy,24400000.00000008
1540,2041,reg1,Iron_Steel_woCCS,Iron_Steel_sector_energy,24400000.00000008
1541,2042,reg1,Iron_Steel_woCCS,Iron_Steel_sector_energy,24400000.00000008
1542,2043,reg1,Iron_Steel_woCCS,Iron_Steel_sector_energy,24400000.00000008
1543,2044,reg1,Iron_Steel_woCCS,Iron_Steel_sector_energy,24400000.00000008
1544,2045,reg1,Iron_Steel_woCCS,Iron_Steel_sector_energy,24400000.00000008
1545,2046,reg1,Iron_Steel_woCCS,Iron_Steel_sector_energy,24400000.00000008
1546,2047,reg1,Iron_Steel_woCCS,Iron_Steel_sector_energy,24400000.00000008
1547,2048,reg1,Iron_Steel_woCCS,Iron_Steel_sector_energy,24400000.00000008
1548,2049,reg1,Iron_Steel_woCCS,Iron_Steel_sector_energy,24400000.00000008
1549,2050,reg1,Iron_Steel_woCCS,Iron_Steel_sector_energy,24400000.00000008
1550,2020,reg1,Other_Industrial_mix,Other_Industry_sector_energy,188330.23540998925
1551,2021,reg1,Other_Industrial_mix,Other_Industry_sector_energy,191295.9093990333
1552,2022,reg1,Other_Industrial_mix,Other_Industry_sector_energy,194261.58338807727
1553,2023,reg1,Other_Industrial_mix,Other_Industry_sector_energy,197227.25737712125
1554,2024,reg1,Other_Industrial_mix,Other_Industry_sector_energy,200192.93136616526
1555,2025,reg1,Other_Industrial_mix,Other_Industry_sector_energy,203158.60535520915
1556,2026,reg1,Other_Industrial_mix,Other_Industry_sector_energy,202195.00722704217
1557,2027,reg1,Other_Industrial_mix,Other_Industry_sector_energy,201231.40909887519
1558,2028,reg1,Other_Industrial_mix,Other_Industry_sector_energy,200267.8109707082
1559,2029,reg1,Other_Industrial_mix,Other_Industry_sector_energy,199304.21284254122
1560,2030,reg1,Other_Industrial_mix,Other_Industry_sector_energy,198340.61471437413
1561,2031,reg1,Other_Industrial_mix,Other_Industry_sector_energy,197377.0165862072
1562,2032,reg1,Other_Industrial_mix,Other_Industry_sector_energy,196413.41845804016
1563,2033,reg1,Other_Industrial_mix,Other_Industry_sector_energy,195449.82032987318
1564,2034,reg1,Other_Industrial_mix,Other_Industry_sector_energy,194486.2222017062
1565,2035,reg1,Other_Industrial_mix,Other_Industry_sector_energy,193522.62407353928
1566,2036,reg1,Other_Industrial_mix,Other_Industry_sector_energy,192559.02594537224
1567,2037,reg1,Other_Industrial_mix,Other_Industry_sector_energy,191595.42781720526
1568,2038,reg1,Other_Industrial_mix,Other_Industry_sector_energy,190631.8296890383
1569,2039,reg1,Other_Industrial_mix,Other_Industry_sector_energy,189668.2315608713
1570,2040,reg1,Other_Industrial_mix,Other_Industry_sector_energy,188704.63343270432
1571,2041,reg1,Other_Industrial_mix,Other_Industry_sector_energy,188704.63343270432
1572,2042,reg1,Other_Industrial_mix,Other_Industry_sector_energy,188704.63343270432
1573,2043,reg1,Other_Industrial_mix,Other_Industry_sector_energy,188704.63343270432
1574,2044,reg1,Other_Industrial_mix,Other_Industry_sector_energy,188704.63343270432
1575,2045,reg1,Other_Industrial_mix,Other_Industry_sector_energy,188704.63343270432
1576,2046,reg1,Other_Industrial_mix,Other_Industry_sector_energy,188704.63343270432
1577,2047,reg1,Other_Industrial_mix,Other_Industry_sector_energy,188704.63343270432
1578,2048,reg1,Other_Industrial_mix,Other_Industry_sector_energy,188704.63343270432
1579,2049,reg1,Other_Industrial_mix,Other_Industry_sector_energy,188704.63343270432
1580,2050,reg1,Other_Industrial_mix,Other_Industry_sector_energy,188704.63343270432
1581,2020,reg1,Residential_mix,Residential_sector_energy,356529.1753299999
1582,2021,reg1,Residential_mix,Residential_sector_energy,381582.87782528775
1583,2022,reg1,Residential_mix,Residential_sector_energy,373388.1578424998
1584,2023,reg1,Residential_mix,Residential_sector_energy,365272.76921716915
1585,2024,reg1,Residential_mix,Residential_sector_energy,357220.01229774917
1586,2025,reg1,Residential_mix,Residential_sector_energy,349229.8870842402
1587,2026,reg1,Residential_mix,Residential_sector_energy,340602.23576613585
1588,2027,reg1,Residential_mix,Residential_sector_energy,332068.84421787027
1589,2028,reg1,Residential_mix,Residential_sector_energy,323629.71243944357
1590,2029,reg1,Residential_mix,Residential_sector_energy,315284.840430856
1591,2030,reg1,Residential_mix,Residential_sector_energy,308575.9024746329
1592,2031,reg1,Residential_mix,Residential_sector_energy,302319.22645440383
1593,2032,reg1,Residential_mix,Residential_sector_energy,296495.9463459663
1594,2033,reg1,Residential_mix,Residential_sector_energy,291225.46858268126
1595,2034,reg1,Residential_mix,Residential_sector_energy,286300.8774581554
1596,2035,reg1,Residential_mix,Residential_sector_energy,282072.48497404857
1597,2036,reg1,Residential_mix,Residential_sector_energy,277499.9728596213
1598,2037,reg1,Residential_mix,Residential_sector_energy,271999.0128250218
1599,2038,reg1,Residential_mix,Residential_sector_energy,266695.9295373853
1600,2039,reg1,Residential_mix,Residential_sector_energy,261256.79884201125
1601,2040,reg1,Residential_mix,Residential_sector_energy,255981.98951717312
1602,2041,reg1,Residential_mix,Residential_sector_energy,248580.24225178603
1603,2042,reg1,Residential_mix,Residential_sector_energy,242536.89534367571
1604,2043,reg1,Residential_mix,Residential_sector_energy,237712.59730077646
1605,2044,reg1,Residential_mix,Residential_sector_energy,233985.0600252945
1606,2045,reg1,Residential_mix,Residential_sector_energy,230763.38525818574
1607,2046,reg1,Residential_mix,Residential_sector_energy,228398.7683163543
1608,2047,reg1,Residential_mix,Residential_sector_energy,226806.8612481002
1609,2048,reg1,Residential_mix,Residential_sector_energy,225913.67764271953
1610,2049,reg1,Residential_mix,Residential_sector_energy,225654.39706970289
1611,2050,reg1,Residential_mix,Residential_sector_energy,225972.30979229062
1612,2020,reg1,Services_mix,Services_sector_energy,192564.5390999999
1613,2021,reg1,Services_mix,Services_sector_energy,188237.78367999993
1614,2022,reg1,Services_mix,Services_sector_energy,183911.0282599999
1615,2023,reg1,Services_mix,Services_sector_energy,179584.27283999993
1616,2024,reg1,Services_mix,Services_sector_energy,175257.51741999993
1617,2025,reg1,Services_mix,Services_sector_energy,170930.76199999993
1618,2026,reg1,Services_mix,Services_sector_energy,170704.20959999994
1619,2027,reg1,Services_mix,Services_sector_energy,170477.6571999999
1620,2028,reg1,Services_mix,Services_sector_energy,170251.1047999999
1621,2029,reg1,Services_mix,Services_sector_energy,170024.55239999987
1622,2030,reg1,Services_mix,Services_sector_energy,169797.99999999988
1623,2031,reg1,Services_mix,Services_sector_energy,169571.4475999999
1624,2032,reg1,Services_mix,Services_sector_energy,169344.8951999999
1625,2033,reg1,Services_mix,Services_sector_energy,169118.34279999987
1626,2034,reg1,Services_mix,Services_sector_energy,168891.79039999982
1627,2035,reg1,Services_mix,Services_sector_energy,168665.2379999998
1628,2036,reg1,Services_mix,Services_sector_energy,168438.68559999985
1629,2037,reg1,Services_mix,Services_sector_energy,168212.1331999998
1630,2038,reg1,Services_mix,Services_sector_energy,167985.58079999976
1631,2039,reg1,Services_mix,Services_sector_energy,167759.02839999984
1632,2040,reg1,Services_mix,Services_sector_energy,167532.47599999973
1633,2041,reg1,Services_mix,Services_sector_energy,167532.47599999973
1634,2042,reg1,Services_mix,Services_sector_energy,167532.47599999973
1635,2043,reg1,Services_mix,Services_sector_energy,167532.47599999973
1636,2044,reg1,Services_mix,Services_sector_energy,167532.47599999973
1637,2045,reg1,Services_mix,Services_sector_energy,167532.47599999973
1638,2046,reg1,Services_mix,Services_sector_energy,167532.47599999973
1639,2047,reg1,Services_mix,Services_sector_energy,167532.47599999973
1640,2048,reg1,Services_mix,Services_sector_energy,167532.47599999973
1641,2049,reg1,Services_mix,Services_sector_energy,167532.47599999973
1642,2050,reg1,Services_mix,Services_sector_energy,167532.47599999973
1643,2020,reg1,Elec_transmission_distribution,Final_electricity,273136.12097154756
1644,2021,reg1,Elec_transmission_distribution,Final_electricity,281992.5277930964
1645,2022,reg1,Elec_transmission_distribution,Final_electricity,283875.9692220951
1646,2023,reg1,Elec_transmission_distribution,Final_electricity,285681.47171643307
1647,2024,reg1,Elec_transmission_distribution,Final_electricity,287389.9398080733
1648,2025,reg1,Elec_transmission_distribution,Final_electricity,288983.5617421799
1649,2026,reg1,Elec_transmission_distribution,Final_electricity,291967.0264742331
1650,2027,reg1,Elec_transmission_distribution,Final_electricity,294659.9145652455
1651,2028,reg1,Elec_transmission_distribution,Final_electricity,297056.39087334636
1652,2029,reg1,Elec_transmission_distribution,Final_electricity,299150.22585646325
1653,2030,reg1,Elec_transmission_distribution,Final_electricity,300934.76084447047
1654,2031,reg1,Elec_transmission_distribution,Final_electricity,299946.71616980364
1655,2032,reg1,Elec_transmission_distribution,Final_electricity,298975.44707181107
1656,2033,reg1,Elec_transmission_distribution,Final_electricity,297999.94304715516
1657,2034,reg1,Elec_transmission_distribution,Final_electricity,297042.8441029388
1658,2035,reg1,Elec_transmission_distribution,Final_electricity,296111.5222109007
1659,2036,reg1,Elec_transmission_distribution,Final_electricity,309542.07932144916
1660,2037,reg1,Elec_transmission_distribution,Final_electricity,320812.12685415667
1661,2038,reg1,Elec_transmission_distribution,Final_electricity,332840.9835744966
1662,2039,reg1,Elec_transmission_distribution,Final_electricity,344744.06364041346
1663,2040,reg1,Elec_transmission_distribution,Final_electricity,356594.1114778088
1664,2041,reg1,Elec_transmission_distribution,Final_electricity,370231.26530244504
1665,2042,reg1,Elec_transmission_distribution,Final_electricity,383578.6968824497
1666,2043,reg1,Elec_transmission_distribution,Final_electricity,397461.4854349264
1667,2044,reg1,Elec_transmission_distribution,Final_electricity,412303.3801625495
1668,2045,reg1,Elec_transmission_distribution,Final_electricity,428515.9935841471
1669,2046,reg1,Elec_transmission_distribution,Final_electricity,431970.13836991857
1670,2047,reg1,Elec_transmission_distribution,Final_electricity,437085.9367553442
1671,2048,reg1,Elec_transmission_distribution,Final_electricity,443846.9057455436
1672,2049,reg1,Elec_transmission_distribution,Final_electricity,452255.6137915673
1673,2050,reg1,Elec_transmission_distribution,Final_electricity,462333.1534649281
